date_time,people,time
1,17,1
2,18,2
3,20,3
4,21,4
5,22,5
6,23,6
7,23,7
8,24,8
9,24,9
10,24,10
11,24,11
12,25,12
13,26,13
14,26,14
15,26,15
16,26,16
17,26,17
18,26,18
19,26,19
20,27,20
21,26,21
22,26,22
23,26,23
24,26,24
25,26,25
26,27,26
27,27,27
28,27,28
29,27,29
30,27,30
31,27,31
32,28,32
33,27,33
34,27,34
35,27,35
36,27,36
37,27,37
38,27,38
39,27,39
40,27,40
41,27,41
42,27,42
43,28,43
44,28,44
45,28,45
46,28,46
47,28,47
48,28,48
49,28,49
50,27,50
51,26,51
52,25,52
53,24,53
54,23,54
55,21,55
56,21,56
57,20,57
58,19,58
59,18,59
60,17,60
61,16,61
62,15,62
63,14,63
64,14,64
65,13,65
66,12,66
67,12,67
68,11,68
69,10,69
70,10,70
71,9,71
72,16,72
73,15,73
74,14,74
75,13,75
76,12,76
77,10,77
78,9,78
79,8,79
80,8,80
81,7,81
82,6,82
83,6,83
84,5,84
85,5,85
86,5,86
87,5,87
88,5,88
89,5,89
90,6,90
91,6,91
92,5,92
93,5,93
94,5,94
95,5,95
96,5,0
97,19,1
98,19,2
99,22,3
100,22,4
101,23,5
102,25,6
103,24,7
104,25,8
105,25,9
106,25,10
107,25,11
108,27,12
109,28,13
110,28,14
111,28,15
112,28,16
113,28,17
114,28,18
115,27,19
116,28,20
117,28,21
118,28,22
119,28,23
120,27,24
121,27,25
122,28,26
123,29,27
124,28,28
125,28,29
126,28,30
127,29,31
128,29,32
129,29,33
130,29,34
131,28,35
132,28,36
133,28,37
134,28,38
135,29,39
136,28,40
137,29,41
138,29,42
139,29,43
140,30,44
141,29,45
142,30,46
143,30,47
144,30,48
145,29,49
146,28,50
147,27,51
148,27,52
149,25,53
150,24,54
151,22,55
152,23,56
153,22,57
154,21,58
155,20,59
156,18,60
157,18,61
158,16,62
159,16,63
160,15,64
161,15,65
162,14,66
163,13,67
164,12,68
165,12,69
166,11,70
167,11,71
168,18,72
169,17,73
170,15,74
171,14,75
172,13,76
173,11,77
174,11,78
175,10,79
176,10,80
177,8,81
178,7,82
179,7,83
180,6,84
181,7,85
182,7,86
183,6,87
184,6,88
185,6,89
186,7,90
187,7,91
188,7,92
189,6,93
190,7,94
191,6,95
192,6,0
193,20,1
194,20,2
195,23,3
196,24,4
197,25,5
198,26,6
199,25,7
200,26,8
201,26,9
202,27,10
203,27,11
204,28,12
205,29,13
206,30,14
207,30,15
208,29,16
209,30,17
210,30,18
211,29,19
212,30,20
213,29,21
214,29,22
215,30,23
216,28,24
217,28,25
218,29,26
219,31,27
220,29,28
221,30,29
222,29,30
223,31,31
224,31,32
225,31,33
226,30,34
227,29,35
228,29,36
229,30,37
230,30,38
231,30,39
232,30,40
233,30,41
234,30,42
235,30,43
236,32,44
237,30,45
238,31,46
239,31,47
240,32,48
241,31,49
242,30,50
243,28,51
244,28,52
245,26,53
246,26,54
247,23,55
248,25,56
249,24,57
250,22,58
251,22,59
252,20,60
253,19,61
254,18,62
255,17,63
256,16,64
257,16,65
258,16,66
259,14,67
260,13,68
261,13,69
262,12,70
263,12,71
264,19,72
265,19,73
266,16,74
267,16,75
268,14,76
269,12,77
270,13,78
271,11,79
272,12,80
273,9,81
274,8,82
275,8,83
276,7,84
277,8,85
278,8,86
279,8,87
280,8,88
281,7,89
282,9,90
283,9,91
284,9,92
285,7,93
286,9,94
287,7,95
288,7,0
289,22,1
290,22,2
291,24,3
292,25,4
293,26,5
294,27,6
295,27,7
296,28,8
297,27,9
298,29,10
299,28,11
300,29,12
301,30,13
302,31,14
303,31,15
304,30,16
305,32,17
306,32,18
307,30,19
308,32,20
309,31,21
310,30,22
311,31,23
312,29,24
313,29,25
314,31,26
315,32,27
316,31,28
317,32,29
318,31,30
319,32,31
320,32,32
321,33,33
322,32,34
323,30,35
324,31,36
325,31,37
326,32,38
327,31,39
328,32,40
329,31,41
330,32,42
331,31,43
332,34,44
333,31,45
334,32,46
335,32,47
336,34,48
337,33,49
338,31,50
339,29,51
340,30,52
341,28,53
342,28,54
343,25,55
344,26,56
345,25,57
346,24,58
347,23,59
348,21,60
349,21,61
350,19,62
351,19,63
352,18,64
353,17,65
354,18,66
355,15,67
356,15,68
357,15,69
358,14,70
359,14,71
360,21,72
361,20,73
362,18,74
363,18,75
364,15,76
365,14,77
366,14,78
367,13,79
368,13,80
369,11,81
370,9,82
371,10,83
372,9,84
373,10,85
374,9,86
375,9,87
376,10,88
377,9,89
378,11,90
379,11,91
380,11,92
381,9,93
382,11,94
383,9,95
384,8,0
385,23,1
386,23,2
387,26,3
388,26,4
389,28,5
390,29,6
391,29,7
392,29,8
393,29,9
394,31,10
395,29,11
396,31,12
397,32,13
398,33,14
399,33,15
400,32,16
401,34,17
402,34,18
403,31,19
404,34,20
405,32,21
406,32,22
407,33,23
408,30,24
409,31,25
410,33,26
411,33,27
412,33,28
413,33,29
414,33,30
415,33,31
416,34,32
417,34,33
418,33,34
419,32,35
420,32,36
421,33,37
422,33,38
423,33,39
424,33,40
425,32,41
426,33,42
427,32,43
428,36,44
429,33,45
430,33,46
431,33,47
432,35,48
433,35,49
434,33,50
435,30,51
436,31,52
437,29,53
438,30,54
439,26,55
440,28,56
441,26,57
442,25,58
443,24,59
444,22,60
445,23,61
446,20,62
447,21,63
448,20,64
449,18,65
450,19,66
451,16,67
452,17,68
453,16,69
454,15,70
455,15,71
456,22,72
457,22,73
458,20,74
459,19,75
460,17,76
461,16,77
462,16,78
463,14,79
464,15,80
465,12,81
466,10,82
467,11,83
468,10,84
469,11,85
470,11,86
471,11,87
472,11,88
473,11,89
474,12,90
475,12,91
476,12,92
477,11,93
478,12,94
479,10,95
480,9,0
481,18,1
482,20,2
483,21,3
484,23,4
485,23,5
486,25,6
487,24,7
488,25,8
489,25,9
490,26,10
491,26,11
492,26,12
493,28,13
494,28,14
495,28,15
496,28,16
497,28,17
498,28,18
499,27,19
500,28,20
501,28,21
502,27,22
503,27,23
504,28,24
505,27,25
506,28,26
507,28,27
508,28,28
509,28,29
510,29,30
511,29,31
512,29,32
513,28,33
514,28,34
515,29,35
516,29,36
517,28,37
518,29,38
519,28,39
520,29,40
521,28,41
522,29,42
523,29,43
524,30,44
525,30,45
526,30,46
527,29,47
528,30,48
529,30,49
530,29,50
531,27,51
532,26,52
533,25,53
534,25,54
535,22,55
536,22,56
537,22,57
538,21,58
539,20,59
540,18,60
541,17,61
542,16,62
543,15,63
544,16,64
545,14,65
546,14,66
547,14,67
548,12,68
549,12,69
550,11,70
551,11,71
552,17,72
553,16,73
554,16,74
555,14,75
556,13,76
557,11,77
558,11,78
559,10,79
560,9,80
561,8,81
562,7,82
563,7,83
564,6,84
565,6,85
566,7,86
567,7,87
568,6,88
569,6,89
570,8,90
571,7,91
572,6,92
573,7,93
574,7,94
575,7,95
576,6,0
577,20,1
578,21,2
579,23,3
580,24,4
581,25,5
582,27,6
583,25,7
584,27,8
585,27,9
586,27,10
587,26,11
588,29,12
589,30,13
590,29,14
591,30,15
592,30,16
593,30,17
594,30,18
595,28,19
596,29,20
597,29,21
598,30,22
599,29,23
600,29,24
601,29,25
602,30,26
603,31,27
604,30,28
605,29,29
606,29,30
607,31,31
608,30,32
609,30,33
610,31,34
611,29,35
612,29,36
613,30,37
614,30,38
615,30,39
616,29,40
617,31,41
618,30,42
619,31,43
620,32,44
621,31,45
622,31,46
623,31,47
624,31,48
625,30,49
626,29,50
627,28,51
628,28,52
629,27,53
630,25,54
631,23,55
632,24,56
633,23,57
634,23,58
635,21,59
636,20,60
637,19,61
638,17,62
639,18,63
640,16,64
641,17,65
642,15,66
643,14,67
644,13,68
645,14,69
646,12,70
647,13,71
648,19,72
649,18,73
650,16,74
651,16,75
652,14,76
653,12,77
654,12,78
655,11,79
656,12,80
657,9,81
658,9,82
659,9,83
660,8,84
661,8,85
662,8,86
663,8,87
664,7,88
665,8,89
666,9,90
667,8,91
668,9,92
669,8,93
670,8,94
671,8,95
672,7,0
673,21,1
674,21,2
675,25,3
676,26,4
677,27,5
678,28,6
679,26,7
680,27,8
681,27,9
682,28,10
683,28,11
684,30,12
685,31,13
686,31,14
687,31,15
688,31,16
689,32,17
690,32,18
691,30,19
692,31,20
693,31,21
694,31,22
695,32,23
696,29,24
697,30,25
698,30,26
699,32,27
700,31,28
701,31,29
702,31,30
703,33,31
704,32,32
705,33,33
706,31,34
707,31,35
708,31,36
709,32,37
710,31,38
711,31,39
712,31,40
713,32,41
714,32,42
715,31,43
716,34,44
717,32,45
718,33,46
719,33,47
720,34,48
721,33,49
722,31,50
723,30,51
724,29,52
725,27,53
726,28,54
727,25,55
728,26,56
729,26,57
730,23,58
731,24,59
732,22,60
733,20,61
734,20,62
735,18,63
736,18,64
737,18,65
738,17,66
739,15,67
740,14,68
741,15,69
742,13,70
743,14,71
744,21,72
745,20,73
746,18,74
747,18,75
748,16,76
749,13,77
750,15,78
751,13,79
752,13,80
753,10,81
754,10,82
755,10,83
756,9,84
757,10,85
758,10,86
759,10,87
760,10,88
761,9,89
762,10,90
763,11,91
764,10,92
765,9,93
766,10,94
767,9,95
768,8,0
769,24,1
770,23,2
771,26,3
772,27,4
773,28,5
774,28,6
775,28,7
776,30,8
777,28,9
778,30,10
779,29,11
780,30,12
781,31,13
782,32,14
783,33,15
784,32,16
785,34,17
786,34,18
787,32,19
788,33,20
789,32,21
790,32,22
791,33,23
792,30,24
793,30,25
794,32,26
795,34,27
796,32,28
797,34,29
798,32,30
799,33,31
800,33,32
801,34,33
802,33,34
803,31,35
804,33,36
805,33,37
806,34,38
807,32,39
808,33,40
809,32,41
810,33,42
811,33,43
812,35,44
813,32,45
814,33,46
815,33,47
816,35,48
817,35,49
818,33,50
819,30,51
820,31,52
821,30,53
822,30,54
823,26,55
824,28,56
825,27,57
826,26,58
827,25,59
828,23,60
829,23,61
830,20,62
831,21,63
832,19,64
833,19,65
834,19,66
835,16,67
836,17,68
837,17,69
838,15,70
839,16,71
840,22,72
841,22,73
842,20,74
843,19,75
844,16,76
845,16,77
846,15,78
847,15,79
848,14,80
849,12,81
850,11,82
851,11,83
852,11,84
853,11,85
854,10,86
855,11,87
856,11,88
857,11,89
858,13,90
859,13,91
860,13,92
861,10,93
862,12,94
863,10,95
864,9,0
865,24,1
866,24,2
867,28,3
868,27,4
869,29,5
870,31,6
871,31,7
872,31,8
873,30,9
874,33,10
875,30,11
876,33,12
877,33,13
878,35,14
879,35,15
880,33,16
881,36,17
882,35,18
883,33,19
884,36,20
885,33,21
886,34,22
887,34,23
888,32,24
889,32,25
890,35,26
891,34,27
892,35,28
893,35,29
894,35,30
895,35,31
896,36,32
897,35,33
898,34,34
899,34,35
900,34,36
901,34,37
902,35,38
903,34,39
904,35,40
905,34,41
906,34,42
907,33,43
908,38,44
909,35,45
910,35,46
911,35,47
912,36,48
913,37,49
914,34,50
915,31,51
916,32,52
917,31,53
918,31,54
919,28,55
920,29,56
921,28,57
922,26,58
923,25,59
924,23,60
925,24,61
926,21,62
927,23,63
928,21,64
929,19,65
930,21,66
931,18,67
932,19,68
933,18,69
934,17,70
935,17,71
936,23,72
937,23,73
938,21,74
939,20,75
940,18,76
941,18,77
942,17,78
943,15,79
944,16,80
945,14,81
946,11,82
947,13,83
948,11,84
949,12,85
950,13,86
951,13,87
952,13,88
953,13,89
954,14,90
955,13,91
956,13,92
957,13,93
958,13,94
959,12,95
960,10,0
961,16,1
962,19,2
963,20,3
964,22,4
965,21,5
966,24,6
967,23,7
968,24,8
969,23,9
970,24,10
971,25,11
972,24,12
973,27,13
974,27,14
975,27,15
976,26,16
977,26,17
978,26,18
979,26,19
980,27,20
981,27,21
982,25,22
983,25,23
984,26,24
985,26,25
986,27,26
987,27,27
988,26,28
989,26,29
990,28,30
991,27,31
992,28,32
993,27,33
994,26,34
995,27,35
996,27,36
997,26,37
998,28,38
999,26,39
1000,28,40
1001,26,41
1002,27,42
1003,27,43
1004,29,44
1005,28,45
1006,29,46
1007,27,47
1008,28,48
1009,29,49
1010,28,50
1011,26,51
1012,25,52
1013,23,53
1014,24,54
1015,20,55
1016,21,56
1017,21,57
1018,19,58
1019,19,59
1020,17,60
1021,16,61
1022,15,62
1023,13,63
1024,15,64
1025,13,65
1026,13,66
1027,12,67
1028,10,68
1029,10,69
1030,9,70
1031,10,71
1032,15,72
1033,15,73
1034,14,74
1035,13,75
1036,12,76
1037,9,77
1038,9,78
1039,9,79
1040,7,80
1041,7,81
1042,6,82
1043,5,83
1044,4,84
1045,5,85
1046,6,86
1047,6,87
1048,4,88
1049,4,89
1050,6,90
1051,6,91
1052,5,92
1053,5,93
1054,5,94
1055,6,95
1056,4,0
1057,18,1
1058,20,2
1059,22,3
1060,22,4
1061,23,5
1062,25,6
1063,24,7
1064,25,8
1065,25,9
1066,25,10
1067,24,11
1068,27,12
1069,28,13
1070,28,14
1071,28,15
1072,29,16
1073,28,17
1074,29,18
1075,26,19
1076,28,20
1077,28,21
1078,29,22
1079,28,23
1080,28,24
1081,27,25
1082,29,26
1083,29,27
1084,28,28
1085,27,29
1086,27,30
1087,30,31
1088,29,32
1089,28,33
1090,29,34
1091,28,35
1092,27,36
1093,29,37
1094,28,38
1095,28,39
1096,27,40
1097,30,41
1098,29,42
1099,29,43
1100,30,44
1101,30,45
1102,29,46
1103,29,47
1104,30,48
1105,28,49
1106,27,50
1107,27,51
1108,27,52
1109,26,53
1110,24,54
1111,22,55
1112,23,56
1113,22,57
1114,21,58
1115,20,59
1116,19,60
1117,17,61
1118,16,62
1119,16,63
1120,14,64
1121,16,65
1122,14,66
1123,13,67
1124,11,68
1125,13,69
1126,10,70
1127,12,71
1128,17,72
1129,17,73
1130,14,74
1131,15,75
1132,12,76
1133,10,77
1134,10,78
1135,10,79
1136,11,80
1137,8,81
1138,7,82
1139,7,83
1140,7,84
1141,7,85
1142,6,86
1143,7,87
1144,5,88
1145,7,89
1146,8,90
1147,7,91
1148,7,92
1149,7,93
1150,6,94
1151,7,95
1152,6,0
1153,19,1
1154,20,2
1155,24,3
1156,24,4
1157,26,5
1158,26,6
1159,25,7
1160,26,8
1161,25,9
1162,26,10
1163,26,11
1164,28,12
1165,30,13
1166,30,14
1167,29,15
1168,30,16
1169,30,17
1170,30,18
1171,29,19
1172,29,20
1173,29,21
1174,29,22
1175,30,23
1176,28,24
1177,28,25
1178,28,26
1179,31,27
1180,29,28
1181,29,29
1182,30,30
1183,31,31
1184,31,32
1185,31,33
1186,30,34
1187,29,35
1188,30,36
1189,31,37
1190,30,38
1191,29,39
1192,30,40
1193,30,41
1194,30,42
1195,29,43
1196,32,44
1197,30,45
1198,31,46
1199,31,47
1200,32,48
1201,32,49
1202,30,50
1203,28,51
1204,28,52
1205,25,53
1206,26,54
1207,23,55
1208,25,56
1209,24,57
1210,21,58
1211,22,59
1212,21,60
1213,19,61
1214,18,62
1215,16,63
1216,17,64
1217,17,65
1218,16,66
1219,13,67
1220,12,68
1221,14,69
1222,11,70
1223,13,71
1224,19,72
1225,18,73
1226,16,74
1227,17,75
1228,15,76
1229,11,77
1230,13,78
1231,12,79
1232,11,80
1233,8,81
1234,9,82
1235,8,83
1236,8,84
1237,9,85
1238,9,86
1239,9,87
1240,9,88
1241,8,89
1242,8,90
1243,9,91
1244,9,92
1245,7,93
1246,8,94
1247,7,95
1248,6,0
1249,22,1
1250,22,2
1251,25,3
1252,25,4
1253,26,5
1254,27,6
1255,27,7
1256,29,8
1257,26,9
1258,29,10
1259,27,11
1260,28,12
1261,29,13
1262,31,14
1263,31,15
1264,31,16
1265,32,17
1266,33,18
1267,30,19
1268,32,20
1269,31,21
1270,31,22
1271,31,23
1272,29,24
1273,28,25
1274,31,26
1275,33,27
1276,31,28
1277,32,29
1278,31,30
1279,31,31
1280,31,32
1281,32,33
1282,32,34
1283,29,35
1284,31,36
1285,32,37
1286,33,38
1287,30,39
1288,31,40
1289,31,41
1290,31,42
1291,32,43
1292,34,44
1293,30,45
1294,31,46
1295,32,47
1296,33,48
1297,34,49
1298,32,50
1299,28,51
1300,30,52
1301,29,53
1302,28,54
1303,25,55
1304,26,56
1305,25,57
1306,24,58
1307,24,59
1308,22,60
1309,21,61
1310,19,62
1311,20,63
1312,18,64
1313,18,65
1314,18,66
1315,15,67
1316,15,68
1317,16,69
1318,13,70
1319,15,71
1320,21,72
1321,21,73
1322,19,74
1323,18,75
1324,14,76
1325,14,77
1326,14,78
1327,13,79
1328,13,80
1329,11,81
1330,10,82
1331,10,83
1332,10,84
1333,9,85
1334,8,86
1335,10,87
1336,10,88
1337,9,89
1338,12,90
1339,11,91
1340,12,92
1341,9,93
1342,10,94
1343,9,95
1344,8,0
1345,23,1
1346,23,2
1347,26,3
1348,26,4
1349,28,5
1350,29,6
1351,29,7
1352,30,8
1353,28,9
1354,32,10
1355,29,11
1356,31,12
1357,32,13
1358,33,14
1359,33,15
1360,32,16
1361,35,17
1362,33,18
1363,32,19
1364,34,20
1365,32,21
1366,33,22
1367,32,23
1368,31,24
1369,31,25
1370,33,26
1371,32,27
1372,34,28
1373,34,29
1374,33,30
1375,33,31
1376,34,32
1377,34,33
1378,32,34
1379,32,35
1380,33,36
1381,32,37
1382,34,38
1383,32,39
1384,34,40
1385,32,41
1386,33,42
1387,31,43
1388,37,44
1389,33,45
1390,33,46
1391,33,47
1392,34,48
1393,36,49
1394,33,50
1395,29,51
1396,31,52
1397,30,53
1398,30,54
1399,26,55
1400,27,56
1401,26,57
1402,25,58
1403,24,59
1404,22,60
1405,23,61
1406,20,62
1407,22,63
1408,20,64
1409,17,65
1410,20,66
1411,16,67
1412,18,68
1413,16,69
1414,15,70
1415,15,71
1416,22,72
1417,21,73
1418,19,74
1419,19,75
1420,17,76
1421,16,77
1422,16,78
1423,13,79
1424,14,80
1425,12,81
1426,9,82
1427,12,83
1428,9,84
1429,10,85
1430,12,86
1431,12,87
1432,12,88
1433,11,89
1434,12,90
1435,11,91
1436,11,92
1437,12,93
1438,12,94
1439,10,95
1440,8,0
1441,18,1
1442,20,2
1443,22,3
1444,24,4
1445,23,5
1446,25,6
1447,25,7
1448,25,8
1449,25,9
1450,26,10
1451,26,11
1452,25,12
1453,29,13
1454,29,14
1455,28,15
1456,28,16
1457,27,17
1458,27,18
1459,27,19
1460,29,20
1461,28,21
1462,27,22
1463,27,23
1464,27,24
1465,27,25
1466,28,26
1467,29,27
1468,27,28
1469,28,29
1470,30,30
1471,29,31
1472,29,32
1473,28,33
1474,27,34
1475,29,35
1476,28,36
1477,28,37
1478,30,38
1479,28,39
1480,29,40
1481,27,41
1482,29,42
1483,29,43
1484,30,44
1485,30,45
1486,31,46
1487,28,47
1488,30,48
1489,31,49
1490,29,50
1491,27,51
1492,27,52
1493,25,53
1494,26,54
1495,21,55
1496,23,56
1497,22,57
1498,21,58
1499,20,59
1500,18,60
1501,18,61
1502,17,62
1503,15,63
1504,16,64
1505,14,65
1506,14,66
1507,14,67
1508,12,68
1509,11,69
1510,10,70
1511,12,71
1512,17,72
1513,16,73
1514,15,74
1515,15,75
1516,13,76
1517,10,77
1518,11,78
1519,11,79
1520,9,80
1521,9,81
1522,8,82
1523,7,83
1524,5,84
1525,6,85
1526,7,86
1527,8,87
1528,5,88
1529,6,89
1530,7,90
1531,7,91
1532,7,92
1533,7,93
1534,6,94
1535,7,95
1536,6,0
1537,20,1
1538,21,2
1539,23,3
1540,23,4
1541,24,5
1542,27,6
1543,26,7
1544,27,8
1545,26,9
1546,26,10
1547,26,11
1548,29,12
1549,30,13
1550,29,14
1551,30,15
1552,31,16
1553,30,17
1554,31,18
1555,28,19
1556,30,20
1557,30,21
1558,30,22
1559,30,23
1560,30,24
1561,28,25
1562,31,26
1563,30,27
1564,29,28
1565,28,29
1566,28,30
1567,32,31
1568,30,32
1569,29,33
1570,31,34
1571,30,35
1572,29,36
1573,30,37
1574,29,38
1575,30,39
1576,29,40
1577,31,41
1578,30,42
1579,31,43
1580,31,44
1581,32,45
1582,31,46
1583,30,47
1584,32,48
1585,29,49
1586,29,50
1587,28,51
1588,29,52
1589,28,53
1590,26,54
1591,24,55
1592,24,56
1593,24,57
1594,23,58
1595,21,59
1596,21,60
1597,19,61
1598,18,62
1599,18,63
1600,15,64
1601,18,65
1602,16,66
1603,15,67
1604,13,68
1605,14,69
1606,12,70
1607,13,71
1608,19,72
1609,19,73
1610,16,74
1611,17,75
1612,14,76
1613,12,77
1614,12,78
1615,12,79
1616,12,80
1617,9,81
1618,9,82
1619,8,83
1620,8,84
1621,8,85
1622,8,86
1623,9,87
1624,6,88
1625,8,89
1626,9,90
1627,9,91
1628,9,92
1629,9,93
1630,8,94
1631,9,95
1632,7,0
1633,21,1
1634,22,2
1635,25,3
1636,26,4
1637,28,5
1638,28,6
1639,26,7
1640,27,8
1641,26,9
1642,28,10
1643,27,11
1644,29,12
1645,32,13
1646,31,14
1647,31,15
1648,32,16
1649,32,17
1650,32,18
1651,31,19
1652,31,20
1653,31,21
1654,31,22
1655,31,23
1656,29,24
1657,29,25
1658,30,26
1659,33,27
1660,31,28
1661,31,29
1662,31,30
1663,32,31
1664,33,32
1665,32,33
1666,31,34
1667,30,35
1668,32,36
1669,32,37
1670,31,38
1671,30,39
1672,32,40
1673,31,41
1674,32,42
1675,31,43
1676,34,44
1677,31,45
1678,33,46
1679,32,47
1680,33,48
1681,33,49
1682,32,50
1683,30,51
1684,29,52
1685,27,53
1686,27,54
1687,24,55
1688,27,56
1689,26,57
1690,23,58
1691,24,59
1692,22,60
1693,21,61
1694,19,62
1695,17,63
1696,19,64
1697,18,65
1698,17,66
1699,14,67
1700,13,68
1701,16,69
1702,12,70
1703,14,71
1704,21,72
1705,19,73
1706,17,74
1707,18,75
1708,17,76
1709,13,77
1710,15,78
1711,13,79
1712,13,80
1713,9,81
1714,11,82
1715,10,83
1716,9,84
1717,10,85
1718,10,86
1719,11,87
1720,10,88
1721,9,89
1722,10,90
1723,10,91
1724,11,92
1725,8,93
1726,9,94
1727,8,95
1728,7,0
1729,24,1
1730,24,2
1731,27,3
1732,27,4
1733,28,5
1734,29,6
1735,28,7
1736,30,8
1737,28,9
1738,31,10
1739,28,11
1740,29,12
1741,31,13
1742,33,14
1743,33,15
1744,32,16
1745,34,17
1746,35,18
1747,31,19
1748,34,20
1749,33,21
1750,33,22
1751,33,23
1752,30,24
1753,30,25
1754,33,26
1755,34,27
1756,33,28
1757,33,29
1758,32,30
1759,32,31
1760,32,32
1761,34,33
1762,33,34
1763,30,35
1764,33,36
1765,34,37
1766,34,38
1767,32,39
1768,32,40
1769,32,41
1770,33,42
1771,33,43
1772,36,44
1773,32,45
1774,33,46
1775,34,47
1776,34,48
1777,35,49
1778,33,50
1779,30,51
1780,31,52
1781,30,53
1782,30,54
1783,26,55
1784,28,56
1785,26,57
1786,25,58
1787,26,59
1788,24,60
1789,23,61
1790,20,62
1791,22,63
1792,20,64
1793,20,65
1794,20,66
1795,16,67
1796,16,68
1797,18,69
1798,14,70
1799,16,71
1800,22,72
1801,23,73
1802,20,74
1803,19,75
1804,16,76
1805,15,77
1806,16,78
1807,14,79
1808,15,80
1809,12,81
1810,11,82
1811,11,83
1812,12,84
1813,11,85
1814,9,86
1815,12,87
1816,11,88
1817,10,89
1818,13,90
1819,12,91
1820,14,92
1821,10,93
1822,11,94
1823,10,95
1824,9,0
1825,24,1
1826,24,2
1827,27,3
1828,27,4
1829,29,5
1830,30,6
1831,31,7
1832,31,8
1833,29,9
1834,33,10
1835,31,11
1836,33,12
1837,33,13
1838,34,14
1839,34,15
1840,33,16
1841,36,17
1842,34,18
1843,33,19
1844,35,20
1845,33,21
1846,34,22
1847,33,23
1848,32,24
1849,33,25
1850,35,26
1851,34,27
1852,36,28
1853,35,29
1854,35,30
1855,35,31
1856,35,32
1857,35,33
1858,33,34
1859,34,35
1860,34,36
1861,33,37
1862,35,38
1863,33,39
1864,36,40
1865,33,41
1866,35,42
1867,32,43
1868,38,44
1869,35,45
1870,34,46
1871,34,47
1872,36,48
1873,38,49
1874,34,50
1875,31,51
1876,33,52
1877,31,53
1878,31,54
1879,28,55
1880,29,56
1881,28,57
1882,27,58
1883,26,59
1884,23,60
1885,24,61
1886,21,62
1887,24,63
1888,22,64
1889,19,65
1890,22,66
1891,17,67
1892,19,68
1893,17,69
1894,16,70
1895,17,71
1896,24,72
1897,23,73
1898,21,74
1899,21,75
1900,18,76
1901,18,77
1902,17,78
1903,15,79
1904,16,80
1905,14,81
1906,11,82
1907,13,83
1908,11,84
1909,11,85
1910,13,86
1911,14,87
1912,13,88
1913,12,89
1914,14,90
1915,13,91
1916,13,92
1917,14,93
1918,13,94
1919,11,95
1920,9,0
1921,19,1
1922,19,2
1923,21,3
1924,23,4
1925,24,5
1926,24,6
1927,25,7
1928,25,8
1929,26,9
1930,26,10
1931,25,11
1932,26,12
1933,27,13
1934,28,14
1935,28,15
1936,28,16
1937,28,17
1938,28,18
1939,27,19
1940,29,20
1941,27,21
1942,28,22
1943,27,23
1944,28,24
1945,28,25
1946,28,26
1947,29,27
1948,28,28
1949,28,29
1950,29,30
1951,29,31
1952,29,32
1953,28,33
1954,28,34
1955,28,35
1956,28,36
1957,28,37
1958,29,38
1959,29,39
1960,28,40
1961,29,41
1962,28,42
1963,30,43
1964,30,44
1965,29,45
1966,29,46
1967,29,47
1968,29,48
1969,29,49
1970,29,50
1971,28,51
1972,26,52
1973,26,53
1974,24,54
1975,22,55
1976,23,56
1977,22,57
1978,20,58
1979,20,59
1980,18,60
1981,17,61
1982,16,62
1983,15,63
1984,15,64
1985,14,65
1986,14,66
1987,14,67
1988,13,68
1989,11,69
1990,11,70
1991,11,71
1992,18,72
1993,16,73
1994,15,74
1995,15,75
1996,13,76
1997,12,77
1998,11,78
1999,10,79
2000,9,80
2001,9,81
2002,8,82
2003,7,83
2004,7,84
2005,7,85
2006,6,86
2007,7,87
2008,6,88
2009,7,89
2010,7,90
2011,7,91
2012,6,92
2013,6,93
2014,6,94
2015,7,95
2016,7,0
2017,21,1
2018,21,2
2019,23,3
2020,23,4
2021,25,5
2022,27,6
2023,26,7
2024,27,8
2025,27,9
2026,27,10
2027,27,11
2028,29,12
2029,30,13
2030,30,14
2031,30,15
2032,30,16
2033,30,17
2034,30,18
2035,28,19
2036,30,20
2037,30,21
2038,29,22
2039,30,23
2040,29,24
2041,28,25
2042,30,26
2043,31,27
2044,30,28
2045,29,29
2046,30,30
2047,31,31
2048,30,32
2049,30,33
2050,30,34
2051,29,35
2052,30,36
2053,30,37
2054,29,38
2055,30,39
2056,29,40
2057,31,41
2058,31,42
2059,31,43
2060,31,44
2061,30,45
2062,31,46
2063,32,47
2064,31,48
2065,30,49
2066,29,50
2067,28,51
2068,28,52
2069,27,53
2070,25,54
2071,24,55
2072,24,56
2073,23,57
2074,23,58
2075,21,59
2076,19,60
2077,19,61
2078,18,62
2079,18,63
2080,16,64
2081,17,65
2082,15,66
2083,15,67
2084,14,68
2085,14,69
2086,12,70
2087,12,71
2088,20,72
2089,19,73
2090,17,74
2091,16,75
2092,15,76
2093,12,77
2094,12,78
2095,11,79
2096,11,80
2097,9,81
2098,8,82
2099,9,83
2100,7,84
2101,8,85
2102,9,86
2103,8,87
2104,8,88
2105,8,89
2106,9,90
2107,8,91
2108,8,92
2109,7,93
2110,9,94
2111,7,95
2112,7,0
2113,22,1
2114,22,2
2115,24,3
2116,25,4
2117,26,5
2118,28,6
2119,26,7
2120,28,8
2121,28,9
2122,29,10
2123,29,11
2124,30,12
2125,31,13
2126,32,14
2127,31,15
2128,31,16
2129,32,17
2130,31,18
2131,30,19
2132,31,20
2133,30,21
2134,31,22
2135,31,23
2136,30,24
2137,29,25
2138,31,26
2139,32,27
2140,31,28
2141,31,29
2142,31,30
2143,32,31
2144,32,32
2145,32,33
2146,31,34
2147,31,35
2148,30,36
2149,32,37
2150,32,38
2151,31,39
2152,32,40
2153,32,41
2154,31,42
2155,32,43
2156,33,44
2157,32,45
2158,32,46
2159,32,47
2160,33,48
2161,33,49
2162,31,50
2163,29,51
2164,29,52
2165,27,53
2166,27,54
2167,24,55
2168,26,56
2169,26,57
2170,24,58
2171,24,59
2172,21,60
2173,21,61
2174,20,62
2175,18,63
2176,17,64
2177,18,65
2178,17,66
2179,15,67
2180,15,68
2181,14,69
2182,14,70
2183,13,71
2184,20,72
2185,21,73
2186,18,74
2187,17,75
2188,15,76
2189,14,77
2190,14,78
2191,13,79
2192,13,80
2193,11,81
2194,9,82
2195,9,83
2196,8,84
2197,10,85
2198,10,86
2199,9,87
2200,9,88
2201,8,89
2202,10,90
2203,10,91
2204,11,92
2205,9,93
2206,11,94
2207,8,95
2208,8,0
2209,23,1
2210,24,2
2211,26,3
2212,26,4
2213,27,5
2214,29,6
2215,29,7
2216,30,8
2217,29,9
2218,31,10
2219,30,11
2220,31,12
2221,31,13
2222,32,14
2223,32,15
2224,32,16
2225,34,17
2226,33,18
2227,32,19
2228,33,20
2229,32,21
2230,32,22
2231,33,23
2232,30,24
2233,31,25
2234,33,26
2235,34,27
2236,33,28
2237,34,29
2238,33,30
2239,33,31
2240,33,32
2241,34,33
2242,33,34
2243,32,35
2244,32,36
2245,33,37
2246,33,38
2247,33,39
2248,34,40
2249,32,41
2250,34,42
2251,33,43
2252,35,44
2253,33,45
2254,34,46
2255,33,47
2256,36,48
2257,34,49
2258,32,50
2259,30,51
2260,31,52
2261,30,53
2262,30,54
2263,26,55
2264,28,56
2265,27,57
2266,26,58
2267,25,59
2268,23,60
2269,22,61
2270,21,62
2271,21,63
2272,20,64
2273,18,65
2274,19,66
2275,16,67
2276,17,68
2277,17,69
2278,16,70
2279,16,71
2280,23,72
2281,21,73
2282,19,74
2283,19,75
2284,17,76
2285,16,77
2286,16,78
2287,15,79
2288,15,80
2289,13,81
2290,10,82
2291,11,83
2292,11,84
2293,12,85
2294,10,86
2295,11,87
2296,12,88
2297,10,89
2298,13,90
2299,13,91
2300,12,92
2301,11,93
2302,13,94
2303,11,95
2304,9,0
2305,25,1
2306,25,2
2307,27,3
2308,28,4
2309,29,5
2310,30,6
2311,31,7
2312,31,8
2313,30,9
2314,33,10
2315,31,11
2316,33,12
2317,34,13
2318,34,14
2319,35,15
2320,33,16
2321,35,17
2322,36,18
2323,32,19
2324,35,20
2325,34,21
2326,34,22
2327,34,23
2328,32,24
2329,33,25
2330,35,26
2331,35,27
2332,34,28
2333,34,29
2334,34,30
2335,34,31
2336,36,32
2337,36,33
2338,35,34
2339,33,35
2340,33,36
2341,34,37
2342,34,38
2343,35,39
2344,35,40
2345,33,41
2346,35,42
2347,34,43
2348,37,44
2349,34,45
2350,34,46
2351,34,47
2352,36,48
2353,36,49
2354,34,50
2355,31,51
2356,33,52
2357,31,53
2358,32,54
2359,27,55
2360,30,56
2361,27,57
2362,27,58
2363,26,59
2364,24,60
2365,24,61
2366,22,62
2367,22,63
2368,22,64
2369,20,65
2370,20,66
2371,17,67
2372,18,68
2373,17,69
2374,17,70
2375,16,71
2376,23,72
2377,23,73
2378,22,74
2379,21,75
2380,19,76
2381,17,77
2382,17,78
2383,15,79
2384,17,80
2385,13,81
2386,12,82
2387,13,83
2388,12,84
2389,12,85
2390,12,86
2391,12,87
2392,13,88
2393,13,89
2394,13,90
2395,13,91
2396,14,92
2397,12,93
2398,14,94
2399,11,95
2400,10,0
2401,19,1
2402,22,2
2403,23,3
2404,25,4
2405,25,5
2406,26,6
2407,26,7
2408,27,8
2409,27,9
2410,28,10
2411,28,11
2412,27,12
2413,29,13
2414,29,14
2415,30,15
2416,29,16
2417,29,17
2418,30,18
2419,29,19
2420,29,20
2421,30,21
2422,28,22
2423,29,23
2424,30,24
2425,28,25
2426,29,26
2427,30,27
2428,30,28
2429,30,29
2430,30,30
2431,30,31
2432,30,32
2433,29,33
2434,30,34
2435,30,35
2436,30,36
2437,29,37
2438,30,38
2439,30,39
2440,31,40
2441,30,41
2442,30,42
2443,30,43
2444,32,44
2445,31,45
2446,32,46
2447,30,47
2448,32,48
2449,32,49
2450,30,50
2451,29,51
2452,28,52
2453,26,53
2454,27,54
2455,24,55
2456,23,56
2457,23,57
2458,22,58
2459,22,59
2460,20,60
2461,19,61
2462,17,62
2463,17,63
2464,17,64
2465,16,65
2466,15,66
2467,16,67
2468,14,68
2469,14,69
2470,13,70
2471,12,71
2472,18,72
2473,17,73
2474,17,74
2475,16,75
2476,14,76
2477,13,77
2478,12,78
2479,12,79
2480,11,80
2481,10,81
2482,9,82
2483,8,83
2484,8,84
2485,8,85
2486,8,86
2487,9,87
2488,8,88
2489,7,89
2490,9,90
2491,8,91
2492,7,92
2493,9,93
2494,9,94
2495,8,95
2496,8,0
2497,22,1
2498,23,2
2499,24,3
2500,25,4
2501,26,5
2502,28,6
2503,26,7
2504,28,8
2505,28,9
2506,29,10
2507,28,11
2508,31,12
2509,32,13
2510,31,14
2511,32,15
2512,32,16
2513,31,17
2514,31,18
2515,30,19
2516,30,20
2517,30,21
2518,31,22
2519,30,23
2520,31,24
2521,30,25
2522,31,26
2523,32,27
2524,31,28
2525,30,29
2526,31,30
2527,32,31
2528,31,32
2529,31,33
2530,33,34
2531,31,35
2532,31,36
2533,32,37
2534,32,38
2535,32,39
2536,31,40
2537,33,41
2538,32,42
2539,32,43
2540,34,44
2541,33,45
2542,33,46
2543,33,47
2544,33,48
2545,31,49
2546,30,50
2547,30,51
2548,29,52
2549,28,53
2550,26,54
2551,25,55
2552,25,56
2553,24,57
2554,25,58
2555,22,59
2556,21,60
2557,21,61
2558,19,62
2559,20,63
2560,17,64
2561,18,65
2562,16,66
2563,16,67
2564,14,68
2565,16,69
2566,14,70
2567,15,71
2568,21,72
2569,20,73
2570,18,74
2571,18,75
2572,16,76
2573,13,77
2574,14,78
2575,13,79
2576,13,80
2577,11,81
2578,10,82
2579,10,83
2580,10,84
2581,10,85
2582,10,86
2583,9,87
2584,8,88
2585,10,89
2586,11,90
2587,10,91
2588,11,92
2589,9,93
2590,9,94
2591,10,95
2592,9,0
2593,23,1
2594,23,2
2595,27,3
2596,28,4
2597,28,5
2598,30,6
2599,27,7
2600,28,8
2601,29,9
2602,30,10
2603,30,11
2604,32,12
2605,33,13
2606,33,14
2607,33,15
2608,32,16
2609,34,17
2610,33,18
2611,31,19
2612,33,20
2613,33,21
2614,32,22
2615,34,23
2616,31,24
2617,32,25
2618,31,26
2619,33,27
2620,33,28
2621,32,29
2622,33,30
2623,34,31
2624,33,32
2625,34,33
2626,32,34
2627,32,35
2628,32,36
2629,34,37
2630,33,38
2631,32,39
2632,33,40
2633,33,41
2634,33,42
2635,32,43
2636,36,44
2637,34,45
2638,34,46
2639,34,47
2640,35,48
2641,35,49
2642,33,50
2643,31,51
2644,30,52
2645,28,53
2646,30,54
2647,26,55
2648,27,56
2649,28,57
2650,25,58
2651,25,59
2652,24,60
2653,21,61
2654,21,62
2655,19,63
2656,19,64
2657,20,65
2658,18,66
2659,16,67
2660,15,68
2661,17,69
2662,15,70
2663,15,71
2664,23,72
2665,21,73
2666,20,74
2667,20,75
2668,18,76
2669,15,77
2670,16,78
2671,15,79
2672,14,80
2673,11,81
2674,12,82
2675,11,83
2676,11,84
2677,11,85
2678,11,86
2679,11,87
2680,12,88
2681,11,89
2682,11,90
2683,12,91
2684,11,92
2685,11,93
2686,12,94
2687,10,95
2688,10,0
2689,26,1
2690,24,2
2691,27,3
2692,29,4
2693,29,5
2694,30,6
2695,30,7
2696,31,8
2697,30,9
2698,32,10
2699,31,11
2700,31,12
2701,32,13
2702,34,14
2703,34,15
2704,33,16
2705,35,17
2706,36,18
2707,34,19
2708,35,20
2709,33,21
2710,34,22
2711,35,23
2712,32,24
2713,31,25
2714,33,26
2715,35,27
2716,33,28
2717,36,29
2718,33,30
2719,34,31
2720,34,32
2721,36,33
2722,35,34
2723,32,35
2724,35,36
2725,35,37
2726,36,38
2727,33,39
2728,35,40
2729,33,41
2730,35,42
2731,34,43
2732,36,44
2733,34,45
2734,35,46
2735,34,47
2736,37,48
2737,37,49
2738,34,50
2739,31,51
2740,32,52
2741,31,53
2742,32,54
2743,28,55
2744,29,56
2745,28,57
2746,28,58
2747,26,59
2748,25,60
2749,25,61
2750,22,62
2751,22,63
2752,20,64
2753,21,65
2754,20,66
2755,17,67
2756,18,68
2757,19,69
2758,16,70
2759,18,71
2760,24,72
2761,24,73
2762,22,74
2763,21,75
2764,18,76
2765,18,77
2766,16,78
2767,17,79
2768,15,80
2769,13,81
2770,12,82
2771,12,83
2772,12,84
2773,13,85
2774,12,86
2775,13,87
2776,13,88
2777,12,89
2778,15,90
2779,14,91
2780,15,92
2781,12,93
2782,13,94
2783,11,95
2784,11,0
2785,25,1
2786,26,2
2787,30,3
2788,28,4
2789,31,5
2790,33,6
2791,33,7
2792,33,8
2793,31,9
2794,35,10
2795,31,11
2796,34,12
2797,35,13
2798,37,14
2799,37,15
2800,35,16
2801,37,17
2802,37,18
2803,35,19
2804,38,20
2805,35,21
2806,36,22
2807,36,23
2808,33,24
2809,34,25
2810,36,26
2811,35,27
2812,37,28
2813,36,29
2814,37,30
2815,37,31
2816,38,32
2817,36,33
2818,35,34
2819,36,35
2820,36,36
2821,35,37
2822,37,38
2823,35,39
2824,36,40
2825,36,41
2826,36,42
2827,35,43
2828,40,44
2829,37,45
2830,36,46
2831,37,47
2832,37,48
2833,39,49
2834,36,50
2835,33,51
2836,34,52
2837,32,53
2838,32,54
2839,30,55
2840,30,56
2841,30,57
2842,28,58
2843,26,59
2844,25,60
2845,26,61
2846,23,62
2847,24,63
2848,22,64
2849,21,65
2850,23,66
2851,19,67
2852,20,68
2853,20,69
2854,19,70
2855,18,71
2856,25,72
2857,25,73
2858,23,74
2859,21,75
2860,20,76
2861,19,77
2862,19,78
2863,17,79
2864,18,80
2865,15,81
2866,12,82
2867,14,83
2868,12,84
2869,13,85
2870,14,86
2871,14,87
2872,15,88
2873,14,89
2874,16,90
2875,15,91
2876,14,92
2877,15,93
2878,15,94
2879,14,95
2880,11,0
2881,17,1
2882,20,2
2883,22,3
2884,24,4
2885,22,5
2886,26,6
2887,25,7
2888,26,8
2889,24,9
2890,26,10
2891,27,11
2892,25,12
2893,28,13
2894,29,14
2895,29,15
2896,27,16
2897,28,17
2898,28,18
2899,28,19
2900,29,20
2901,28,21
2902,27,22
2903,27,23
2904,27,24
2905,28,25
2906,28,26
2907,29,27
2908,27,28
2909,28,29
2910,29,30
2911,29,31
2912,29,32
2913,28,33
2914,28,34
2915,29,35
2916,28,36
2917,28,37
2918,29,38
2919,28,39
2920,29,40
2921,28,41
2922,28,42
2923,28,43
2924,30,44
2925,30,45
2926,31,46
2927,29,47
2928,29,48
2929,30,49
2930,30,50
2931,27,51
2932,27,52
2933,24,53
2934,25,54
2935,21,55
2936,22,56
2937,23,57
2938,20,58
2939,21,59
2940,19,60
2941,17,61
2942,16,62
2943,14,63
2944,16,64
2945,14,65
2946,14,66
2947,14,67
2948,11,68
2949,12,69
2950,10,70
2951,11,71
2952,16,72
2953,17,73
2954,16,74
2955,14,75
2956,13,76
2957,10,77
2958,10,78
2959,11,79
2960,9,80
2961,9,81
2962,7,82
2963,7,83
2964,5,84
2965,7,85
2966,7,86
2967,8,87
2968,5,88
2969,6,89
2970,7,90
2971,8,91
2972,7,92
2973,6,93
2974,7,94
2975,8,95
2976,5,0
2977,20,1
2978,21,2
2979,23,3
2980,23,4
2981,25,5
2982,26,6
2983,25,7
2984,26,8
2985,27,9
2986,26,10
2987,26,11
2988,29,12
2989,30,13
2990,29,14
2991,29,15
2992,30,16
2993,30,17
2994,30,18
2995,27,19
2996,30,20
2997,30,21
2998,31,22
2999,30,23
3000,30,24
3001,28,25
3002,31,26
3003,30,27
3004,29,28
3005,28,29
3006,28,30
3007,31,31
3008,30,32
3009,30,33
3010,30,34
3011,29,35
3012,29,36
3013,30,37
3014,29,38
3015,29,39
3016,29,40
3017,32,41
3018,31,42
3019,31,43
3020,32,44
3021,32,45
3022,30,46
3023,30,47
3024,32,48
3025,30,49
3026,28,50
3027,29,51
3028,28,52
3029,27,53
3030,26,54
3031,24,55
3032,24,56
3033,24,57
3034,22,58
3035,21,59
3036,21,60
3037,18,61
3038,17,62
3039,17,63
3040,16,64
3041,17,65
3042,16,66
3043,15,67
3044,12,68
3045,14,69
3046,12,70
3047,13,71
3048,18,72
3049,19,73
3050,16,74
3051,16,75
3052,14,76
3053,11,77
3054,11,78
3055,12,79
3056,12,80
3057,10,81
3058,8,82
3059,9,83
3060,9,84
3061,9,85
3062,8,86
3063,8,87
3064,6,88
3065,9,89
3066,10,90
3067,8,91
3068,9,92
3069,8,93
3070,7,94
3071,8,95
3072,7,0
3073,20,1
3074,22,2
3075,26,3
3076,26,4
3077,27,5
3078,27,6
3079,27,7
3080,27,8
3081,26,9
3082,28,10
3083,27,11
3084,30,12
3085,31,13
3086,31,14
3087,31,15
3088,31,16
3089,32,17
3090,31,18
3091,31,19
3092,31,20
3093,31,21
3094,30,22
3095,31,23
3096,29,24
3097,29,25
3098,30,26
3099,32,27
3100,30,28
3101,31,29
3102,32,30
3103,32,31
3104,33,32
3105,32,33
3106,32,34
3107,30,35
3108,32,36
3109,33,37
3110,32,38
3111,30,39
3112,31,40
3113,31,41
3114,31,42
3115,31,43
3116,34,44
3117,32,45
3118,33,46
3119,33,47
3120,34,48
3121,33,49
3122,31,50
3123,29,51
3124,30,52
3125,27,53
3126,27,54
3127,24,55
3128,27,56
3129,26,57
3130,22,58
3131,23,59
3132,23,60
3133,20,61
3134,20,62
3135,18,63
3136,18,64
3137,18,65
3138,18,66
3139,14,67
3140,14,68
3141,16,69
3142,12,70
3143,14,71
3144,20,72
3145,20,73
3146,18,74
3147,18,75
3148,16,76
3149,13,77
3150,15,78
3151,13,79
3152,13,80
3153,9,81
3154,11,82
3155,10,83
3156,10,84
3157,11,85
3158,10,86
3159,11,87
3160,10,88
3161,10,89
3162,9,90
3163,11,91
3164,11,92
3165,9,93
3166,10,94
3167,9,95
3168,7,0
3169,23,1
3170,23,2
3171,27,3
3172,26,4
3173,27,5
3174,28,6
3175,29,7
3176,31,8
3177,28,9
3178,30,10
3179,28,11
3180,30,12
3181,31,13
3182,32,14
3183,32,15
3184,32,16
3185,34,17
3186,35,18
3187,31,19
3188,34,20
3189,33,21
3190,32,22
3191,32,23
3192,31,24
3193,29,25
3194,32,26
3195,34,27
3196,32,28
3197,33,29
3198,32,30
3199,32,31
3200,32,32
3201,34,33
3202,34,34
3203,30,35
3204,33,36
3205,33,37
3206,35,38
3207,31,39
3208,32,40
3209,32,41
3210,33,42
3211,33,43
3212,36,44
3213,31,45
3214,32,46
3215,34,47
3216,35,48
3217,36,49
3218,33,50
3219,29,51
3220,31,52
3221,31,53
3222,29,54
3223,27,55
3224,28,56
3225,27,57
3226,25,58
3227,26,59
3228,24,60
3229,22,61
3230,20,62
3231,22,63
3232,19,64
3233,20,65
3234,19,66
3235,17,67
3236,16,68
3237,17,69
3238,15,70
3239,17,71
3240,23,72
3241,23,73
3242,21,74
3243,19,75
3244,15,76
3245,15,77
3246,16,78
3247,14,79
3248,15,80
3249,12,81
3250,12,82
3251,12,83
3252,11,84
3253,10,85
3254,10,86
3255,11,87
3256,11,88
3257,11,89
3258,13,90
3259,12,91
3260,14,92
3261,11,93
3262,12,94
3263,11,95
3264,10,0
3265,24,1
3266,25,2
3267,28,3
3268,28,4
3269,29,5
3270,31,6
3271,30,7
3272,32,8
3273,29,9
3274,33,10
3275,31,11
3276,32,12
3277,34,13
3278,35,14
3279,35,15
3280,33,16
3281,37,17
3282,35,18
3283,33,19
3284,36,20
3285,34,21
3286,35,22
3287,34,23
3288,33,24
3289,32,25
3290,35,26
3291,33,27
3292,35,28
3293,35,29
3294,35,30
3295,35,31
3296,36,32
3297,35,33
3298,33,34
3299,34,35
3300,34,36
3301,33,37
3302,36,38
3303,34,39
3304,35,40
3305,33,41
3306,34,42
3307,32,43
3308,38,44
3309,34,45
3310,35,46
3311,34,47
3312,36,48
3313,37,49
3314,35,50
3315,31,51
3316,32,52
3317,32,53
3318,31,54
3319,27,55
3320,28,56
3321,28,57
3322,27,58
3323,25,59
3324,24,60
3325,24,61
3326,21,62
3327,23,63
3328,22,64
3329,18,65
3330,21,66
3331,17,67
3332,19,68
3333,18,69
3334,17,70
3335,16,71
3336,24,72
3337,22,73
3338,20,74
3339,20,75
3340,19,76
3341,18,77
3342,17,78
3343,15,79
3344,16,80
3345,14,81
3346,10,82
3347,13,83
3348,10,84
3349,11,85
3350,14,86
3351,14,87
3352,13,88
3353,12,89
3354,13,90
3355,13,91
3356,13,92
3357,13,93
3358,14,94
3359,11,95
3360,9,0
3361,19,1
3362,21,2
3363,23,3
3364,25,4
3365,24,5
3366,26,6
3367,26,7
3368,27,8
3369,26,9
3370,27,10
3371,27,11
3372,26,12
3373,31,13
3374,30,14
3375,30,15
3376,29,16
3377,29,17
3378,29,18
3379,29,19
3380,31,20
3381,30,21
3382,29,22
3383,28,23
3384,28,24
3385,29,25
3386,30,26
3387,31,27
3388,29,28
3389,30,29
3390,32,30
3391,30,31
3392,31,32
3393,30,33
3394,29,34
3395,30,35
3396,29,36
3397,30,37
3398,31,38
3399,30,39
3400,30,40
3401,29,41
3402,31,42
3403,31,43
3404,31,44
3405,31,45
3406,33,46
3407,29,47
3408,32,48
3409,32,49
3410,31,50
3411,29,51
3412,29,52
3413,27,53
3414,28,54
3415,22,55
3416,24,56
3417,24,57
3418,23,58
3419,21,59
3420,20,60
3421,20,61
3422,18,62
3423,16,63
3424,18,64
3425,16,65
3426,15,66
3427,15,67
3428,13,68
3429,12,69
3430,12,70
3431,13,71
3432,19,72
3433,18,73
3434,16,74
3435,16,75
3436,15,76
3437,11,77
3438,13,78
3439,12,79
3440,10,80
3441,10,81
3442,9,82
3443,8,83
3444,6,84
3445,7,85
3446,9,86
3447,9,87
3448,6,88
3449,7,89
3450,8,90
3451,8,91
3452,8,92
3453,8,93
3454,8,94
3455,9,95
3456,8,0
3457,21,1
3458,22,2
3459,24,3
3460,24,4
3461,25,5
3462,29,6
3463,28,7
3464,29,8
3465,28,9
3466,27,10
3467,28,11
3468,31,12
3469,31,13
3470,31,14
3471,31,15
3472,33,16
3473,32,17
3474,32,18
3475,29,19
3476,31,20
3477,31,21
3478,32,22
3479,32,23
3480,31,24
3481,30,25
3482,32,26
3483,32,27
3484,30,28
3485,29,29
3486,30,30
3487,33,31
3488,32,32
3489,30,33
3490,32,34
3491,32,35
3492,30,36
3493,31,37
3494,30,38
3495,32,39
3496,31,40
3497,33,41
3498,31,42
3499,32,43
3500,33,44
3501,33,45
3502,32,46
3503,32,47
3504,33,48
3505,31,49
3506,30,50
3507,29,51
3508,30,52
3509,29,53
3510,27,54
3511,25,55
3512,26,56
3513,25,57
3514,24,58
3515,23,59
3516,23,60
3517,21,61
3518,19,62
3519,20,63
3520,17,64
3521,19,65
3522,17,66
3523,17,67
3524,14,68
3525,16,69
3526,14,70
3527,15,71
3528,20,72
3529,20,73
3530,18,74
3531,19,75
3532,16,76
3533,14,77
3534,13,78
3535,13,79
3536,13,80
3537,11,81
3538,10,82
3539,9,83
3540,10,84
3541,9,85
3542,9,86
3543,11,87
3544,8,88
3545,9,89
3546,10,90
3547,10,91
3548,10,92
3549,10,93
3550,10,94
3551,11,95
3552,9,0
3553,23,1
3554,24,2
3555,26,3
3556,28,4
3557,30,5
3558,30,6
3559,27,7
3560,29,8
3561,28,9
3562,30,10
3563,28,11
3564,30,12
3565,34,13
3566,32,14
3567,33,15
3568,33,16
3569,33,17
3570,33,18
3571,33,19
3572,33,20
3573,33,21
3574,33,22
3575,32,23
3576,30,24
3577,30,25
3578,32,26
3579,35,27
3580,33,28
3581,33,29
3582,33,30
3583,34,31
3584,34,32
3585,33,33
3586,32,34
3587,32,35
3588,34,36
3589,33,37
3590,32,38
3591,32,39
3592,33,40
3593,33,41
3594,33,42
3595,33,43
3596,36,44
3597,33,45
3598,34,46
3599,33,47
3600,34,48
3601,34,49
3602,34,50
3603,32,51
3604,31,52
3605,29,53
3606,29,54
3607,26,55
3608,29,56
3609,27,57
3610,24,58
3611,25,59
3612,23,60
3613,22,61
3614,20,62
3615,19,63
3616,21,64
3617,19,65
3618,19,66
3619,16,67
3620,15,68
3621,17,69
3622,13,70
3623,16,71
3624,22,72
3625,20,73
3626,19,74
3627,19,75
3628,19,76
3629,15,77
3630,16,78
3631,15,79
3632,14,80
3633,11,81
3634,13,82
3635,12,83
3636,10,84
3637,12,85
3638,12,86
3639,12,87
3640,12,88
3641,11,89
3642,11,90
3643,12,91
3644,13,92
3645,9,93
3646,11,94
3647,10,95
3648,8,0
3649,25,1
3650,25,2
3651,28,3
3652,29,4
3653,29,5
3654,30,6
3655,29,7
3656,31,8
3657,29,9
3658,33,10
3659,29,11
3660,31,12
3661,32,13
3662,34,14
3663,34,15
3664,34,16
3665,35,17
3666,36,18
3667,32,19
3668,35,20
3669,34,21
3670,35,22
3671,34,23
3672,32,24
3673,31,25
3674,35,26
3675,36,27
3676,35,28
3677,35,29
3678,34,30
3679,33,31
3680,33,32
3681,36,33
3682,34,34
3683,31,35
3684,34,36
3685,35,37
3686,35,38
3687,33,39
3688,34,40
3689,34,41
3690,35,42
3691,35,43
3692,38,44
3693,34,45
3694,34,46
3695,35,47
3696,36,48
3697,36,49
3698,35,50
3699,31,51
3700,33,52
3701,31,53
3702,31,54
3703,28,55
3704,30,56
3705,28,57
3706,27,58
3707,27,59
3708,25,60
3709,25,61
3710,22,62
3711,23,63
3712,22,64
3713,21,65
3714,22,66
3715,17,67
3716,17,68
3717,20,69
3718,15,70
3719,17,71
3720,24,72
3721,25,73
3722,22,74
3723,20,75
3724,18,76
3725,17,77
3726,18,78
3727,15,79
3728,17,80
3729,14,81
3730,13,82
3731,13,83
3732,14,84
3733,12,85
3734,10,86
3735,14,87
3736,13,88
3737,11,89
3738,15,90
3739,14,91
3740,16,92
3741,11,93
3742,12,94
3743,11,95
3744,11,0
3745,26,1
3746,25,2
3747,28,3
3748,28,4
3749,30,5
3750,31,6
3751,33,7
3752,32,8
3753,30,9
3754,34,10
3755,33,11
3756,35,12
3757,34,13
3758,35,14
3759,36,15
3760,35,16
3761,38,17
3762,36,18
3763,35,19
3764,36,20
3765,35,21
3766,35,22
3767,35,23
3768,34,24
3769,35,25
3770,37,26
3771,35,27
3772,37,28
3773,36,29
3774,36,30
3775,36,31
3776,36,32
3777,36,33
3778,35,34
3779,36,35
3780,35,36
3781,34,37
3782,37,38
3783,34,39
3784,37,40
3785,35,41
3786,37,42
3787,33,43
3788,40,44
3789,37,45
3790,36,46
3791,35,47
3792,38,48
3793,39,49
3794,35,50
3795,32,51
3796,35,52
3797,33,53
3798,32,54
3799,30,55
3800,31,56
3801,30,57
3802,29,58
3803,27,59
3804,25,60
3805,26,61
3806,22,62
3807,26,63
3808,24,64
3809,21,65
3810,24,66
3811,19,67
3812,21,68
3813,18,69
3814,18,70
3815,19,71
3816,26,72
3817,25,73
3818,22,74
3819,22,75
3820,19,76
3821,19,77
3822,19,78
3823,17,79
3824,17,80
3825,16,81
3826,13,82
3827,14,83
3828,13,84
3829,13,85
3830,15,86
3831,16,87
3832,15,88
3833,13,89
3834,15,90
3835,15,91
3836,15,92
3837,15,93
3838,14,94
3839,13,95
3840,11,0
3841,22,1
3842,22,2
3843,24,3
3844,25,4
3845,26,5
3846,27,6
3847,27,7
3848,27,8
3849,29,9
3850,28,10
3851,28,11
3852,29,12
3853,29,13
3854,30,14
3855,30,15
3856,30,16
3857,30,17
3858,30,18
3859,30,19
3860,32,20
3861,30,21
3862,31,22
3863,29,23
3864,30,24
3865,30,25
3866,31,26
3867,31,27
3868,31,28
3869,30,29
3870,31,30
3871,31,31
3872,32,32
3873,31,33
3874,31,34
3875,31,35
3876,31,36
3877,31,37
3878,32,38
3879,31,39
3880,31,40
3881,31,41
3882,31,42
3883,32,43
3884,32,44
3885,31,45
3886,32,46
3887,32,47
3888,31,48
3889,31,49
3890,32,50
3891,30,51
3892,28,52
3893,29,53
3894,27,54
3895,24,55
3896,26,56
3897,24,57
3898,23,58
3899,22,59
3900,21,60
3901,20,61
3902,18,62
3903,17,63
3904,18,64
3905,17,65
3906,17,66
3907,16,67
3908,16,68
3909,14,69
3910,13,70
3911,14,71
3912,20,72
3913,18,73
3914,17,74
3915,18,75
3916,16,76
3917,14,77
3918,13,78
3919,12,79
3920,11,80
3921,11,81
3922,11,82
3923,10,83
3924,10,84
3925,10,85
3926,9,86
3927,9,87
3928,8,88
3929,10,89
3930,9,90
3931,9,91
3932,8,92
3933,8,93
3934,9,94
3935,10,95
3936,10,0
3937,23,1
3938,23,2
3939,25,3
3940,25,4
3941,28,5
3942,30,6
3943,29,7
3944,29,8
3945,30,9
3946,30,10
3947,30,11
3948,32,12
3949,33,13
3950,32,14
3951,32,15
3952,33,16
3953,32,17
3954,32,18
3955,30,19
3956,32,20
3957,32,21
3958,31,22
3959,33,23
3960,32,24
3961,30,25
3962,32,26
3963,33,27
3964,32,28
3965,32,29
3966,32,30
3967,33,31
3968,32,32
3969,32,33
3970,33,34
3971,31,35
3972,33,36
3973,33,37
3974,31,38
3975,32,39
3976,32,40
3977,33,41
3978,33,42
3979,33,43
3980,34,44
3981,32,45
3982,34,46
3983,35,47
3984,34,48
3985,33,49
3986,32,50
3987,30,51
3988,31,52
3989,29,53
3990,28,54
3991,26,55
3992,26,56
3993,25,57
3994,25,58
3995,23,59
3996,22,60
3997,22,61
3998,20,62
3999,21,63
4000,19,64
4001,19,65
4002,18,66
4003,17,67
4004,17,68
4005,16,69
4006,14,70
4007,15,71
4008,23,72
4009,21,73
4010,20,74
4011,19,75
4012,17,76
4013,15,77
4014,15,78
4015,14,79
4016,14,80
4017,12,81
4018,11,82
4019,11,83
4020,10,84
4021,11,85
4022,12,86
4023,11,87
4024,10,88
4025,10,89
4026,11,90
4027,10,91
4028,11,92
4029,10,93
4030,11,94
4031,10,95
4032,9,0
4033,24,1
4034,24,2
4035,27,3
4036,28,4
4037,29,5
4038,30,6
4039,28,7
4040,30,8
4041,31,9
4042,32,10
4043,31,11
4044,33,12
4045,34,13
4046,34,14
4047,33,15
4048,33,16
4049,35,17
4050,33,18
4051,33,19
4052,34,20
4053,33,21
4054,34,22
4055,34,23
4056,32,24
4057,32,25
4058,33,26
4059,35,27
4060,34,28
4061,34,29
4062,34,30
4063,35,31
4064,35,32
4065,35,33
4066,34,34
4067,34,35
4068,33,36
4069,34,37
4070,35,38
4071,34,39
4072,34,40
4073,34,41
4074,33,42
4075,34,43
4076,35,44
4077,34,45
4078,35,46
4079,35,47
4080,36,48
4081,36,49
4082,34,50
4083,32,51
4084,32,52
4085,30,53
4086,29,54
4087,27,55
4088,29,56
4089,29,57
4090,26,58
4091,27,59
4092,24,60
4093,24,61
4094,22,62
4095,21,63
4096,19,64
4097,21,65
4098,20,66
4099,18,67
4100,17,68
4101,17,69
4102,17,70
4103,16,71
4104,22,72
4105,24,73
4106,20,74
4107,19,75
4108,17,76
4109,17,77
4110,17,78
4111,16,79
4112,15,80
4113,13,81
4114,12,82
4115,11,83
4116,10,84
4117,12,85
4118,12,86
4119,12,87
4120,12,88
4121,11,89
4122,12,90
4123,13,91
4124,14,92
4125,11,93
4126,13,94
4127,11,95
4128,10,0
4129,25,1
4130,27,2
4131,29,3
4132,28,4
4133,29,5
4134,32,6
4135,31,7
4136,33,8
4137,32,9
4138,34,10
4139,32,11
4140,34,12
4141,34,13
4142,34,14
4143,35,15
4144,35,16
4145,36,17
4146,36,18
4147,34,19
4148,35,20
4149,34,21
4150,35,22
4151,36,23
4152,33,24
4153,34,25
4154,35,26
4155,37,27
4156,36,28
4157,36,29
4158,36,30
4159,35,31
4160,35,32
4161,36,33
4162,36,34
4163,35,35
4164,34,36
4165,35,37
4166,35,38
4167,36,39
4168,37,40
4169,34,41
4170,36,42
4171,35,43
4172,38,44
4173,36,45
4174,37,46
4175,35,47
4176,38,48
4177,36,49
4178,35,50
4179,32,51
4180,34,52
4181,33,53
4182,32,54
4183,29,55
4184,30,56
4185,30,57
4186,28,58
4187,28,59
4188,26,60
4189,25,61
4190,24,62
4191,23,63
4192,23,64
4193,21,65
4194,21,66
4195,18,67
4196,20,68
4197,20,69
4198,19,70
4199,19,71
4200,25,72
4201,23,73
4202,21,74
4203,22,75
4204,20,76
4205,19,77
4206,18,78
4207,17,79
4208,18,80
4209,16,81
4210,13,82
4211,13,83
4212,14,84
4213,14,85
4214,13,86
4215,13,87
4216,14,88
4217,13,89
4218,16,90
4219,16,91
4220,15,92
4221,14,93
4222,16,94
4223,13,95
4224,12,0
4225,27,1
4226,28,2
4227,30,3
4228,31,4
4229,31,5
4230,32,6
4231,33,7
4232,33,8
4233,32,9
4234,36,10
4235,34,11
4236,36,12
4237,37,13
4238,37,14
4239,38,15
4240,36,16
4241,38,17
4242,39,18
4243,34,19
4244,37,20
4245,37,21
4246,36,22
4247,36,23
4248,34,24
4249,36,25
4250,37,26
4251,37,27
4252,37,28
4253,36,29
4254,37,30
4255,37,31
4256,39,32
4257,38,33
4258,37,34
4259,36,35
4260,35,36
4261,37,37
4262,37,38
4263,38,39
4264,38,40
4265,35,41
4266,38,42
4267,37,43
4268,40,44
4269,37,45
4270,36,46
4271,37,47
4272,38,48
4273,39,49
4274,36,50
4275,33,51
4276,36,52
4277,34,53
4278,35,54
4279,29,55
4280,33,56
4281,29,57
4282,29,58
4283,29,59
4284,26,60
4285,27,61
4286,24,62
4287,25,63
4288,25,64
4289,23,65
4290,22,66
4291,20,67
4292,21,68
4293,19,69
4294,20,70
4295,19,71
4296,25,72
4297,26,73
4298,25,74
4299,23,75
4300,21,76
4301,19,77
4302,19,78
4303,18,79
4304,19,80
4305,16,81
4306,14,82
4307,15,83
4308,14,84
4309,15,85
4310,15,86
4311,15,87
4312,16,88
4313,15,89
4314,15,90
4315,16,91
4316,16,92
4317,14,93
4318,17,94
4319,14,95
4320,13,0
4321,22,1
4322,24,2
4323,26,3
4324,28,4
4325,28,5
4326,28,6
4327,29,7
4328,29,8
4329,30,9
4330,30,10
4331,31,11
4332,30,12
4333,32,13
4334,31,14
4335,33,15
4336,31,16
4337,32,17
4338,33,18
4339,31,19
4340,32,20
4341,33,21
4342,30,22
4343,32,23
4344,33,24
4345,30,25
4346,32,26
4347,32,27
4348,33,28
4349,33,29
4350,33,30
4351,32,31
4352,32,32
4353,32,33
4354,32,34
4355,32,35
4356,32,36
4357,32,37
4358,33,38
4359,32,39
4360,33,40
4361,32,41
4362,32,42
4363,33,43
4364,34,44
4365,34,45
4366,35,46
4367,32,47
4368,35,48
4369,35,49
4370,32,50
4371,31,51
4372,30,52
4373,28,53
4374,30,54
4375,27,55
4376,25,56
4377,25,57
4378,25,58
4379,24,59
4380,23,60
4381,21,61
4382,20,62
4383,20,63
4384,20,64
4385,18,65
4386,18,66
4387,19,67
4388,16,68
4389,16,69
4390,16,70
4391,15,71
4392,20,72
4393,19,73
4394,19,74
4395,18,75
4396,17,76
4397,16,77
4398,15,78
4399,14,79
4400,13,80
4401,12,81
4402,11,82
4403,10,83
4404,11,84
4405,10,85
4406,11,86
4407,12,87
4408,11,88
4409,9,89
4410,12,90
4411,11,91
4412,9,92
4413,11,93
4414,12,94
4415,11,95
4416,11,0
4417,24,1
4418,26,2
4419,27,3
4420,27,4
4421,29,5
4422,31,6
4423,28,7
4424,31,8
4425,31,9
4426,32,10
4427,31,11
4428,33,12
4429,35,13
4430,34,14
4431,34,15
4432,34,16
4433,34,17
4434,33,18
4435,33,19
4436,33,20
4437,32,21
4438,33,22
4439,33,23
4440,34,24
4441,32,25
4442,33,26
4443,35,27
4444,34,28
4445,33,29
4446,33,30
4447,34,31
4448,33,32
4449,33,33
4450,36,34
4451,33,35
4452,34,36
4453,35,37
4454,34,38
4455,34,39
4456,33,40
4457,36,41
4458,34,42
4459,35,43
4460,36,44
4461,35,45
4462,36,46
4463,36,47
4464,35,48
4465,34,49
4466,33,50
4467,33,51
4468,32,52
4469,31,53
4470,29,54
4471,27,55
4472,27,56
4473,27,57
4474,28,58
4475,25,59
4476,24,60
4477,24,61
4478,21,62
4479,22,63
4480,20,64
4481,21,65
4482,19,66
4483,18,67
4484,17,68
4485,19,69
4486,16,70
4487,18,71
4488,24,72
4489,22,73
4490,20,74
4491,20,75
4492,19,76
4493,16,77
4494,17,78
4495,16,79
4496,15,80
4497,13,81
4498,12,82
4499,12,83
4500,13,84
4501,13,85
4502,13,86
4503,11,87
4504,10,88
4505,13,89
4506,14,90
4507,12,91
4508,14,92
4509,11,93
4510,12,94
4511,12,95
4512,11,0
4513,26,1
4514,26,2
4515,30,3
4516,30,4
4517,30,5
4518,32,6
4519,29,7
4520,31,8
4521,32,9
4522,32,10
4523,33,11
4524,35,12
4525,36,13
4526,35,14
4527,36,15
4528,35,16
4529,36,17
4530,35,18
4531,33,19
4532,35,20
4533,36,21
4534,35,22
4535,37,23
4536,33,24
4537,35,25
4538,34,26
4539,35,27
4540,35,28
4541,34,29
4542,35,30
4543,37,31
4544,35,32
4545,36,33
4546,35,34
4547,34,35
4548,35,36
4549,36,37
4550,36,38
4551,35,39
4552,35,40
4553,36,41
4554,35,42
4555,35,43
4556,39,44
4557,37,45
4558,37,46
4559,37,47
4560,37,48
4561,37,49
4562,36,50
4563,33,51
4564,33,52
4565,30,53
4566,32,54
4567,28,55
4568,29,56
4569,30,57
4570,28,58
4571,27,59
4572,27,60
4573,24,61
4574,24,62
4575,21,63
4576,21,64
4577,23,65
4578,20,66
4579,18,67
4580,17,68
4581,20,69
4582,18,70
4583,18,71
4584,25,72
4585,23,73
4586,23,74
4587,22,75
4588,20,76
4589,18,77
4590,19,78
4591,17,79
4592,16,80
4593,14,81
4594,14,82
4595,13,83
4596,14,84
4597,14,85
4598,14,86
4599,14,87
4600,15,88
4601,14,89
4602,14,90
4603,15,91
4604,13,92
4605,13,93
4606,14,94
4607,13,95
4608,12,0
4609,28,1
4610,26,2
4611,29,3
4612,31,4
4613,31,5
4614,33,6
4615,33,7
4616,33,8
4617,32,9
4618,35,10
4619,33,11
4620,34,12
4621,35,13
4622,36,14
4623,37,15
4624,35,16
4625,37,17
4626,39,18
4627,36,19
4628,37,20
4629,36,21
4630,36,22
4631,37,23
4632,35,24
4633,34,25
4634,35,26
4635,37,27
4636,35,28
4637,38,29
4638,35,30
4639,36,31
4640,37,32
4641,38,33
4642,37,34
4643,35,35
4644,38,36
4645,38,37
4646,39,38
4647,35,39
4648,37,40
4649,35,41
4650,38,42
4651,36,43
4652,39,44
4653,37,45
4654,38,46
4655,37,47
4656,39,48
4657,39,49
4658,37,50
4659,33,51
4660,34,52
4661,34,53
4662,34,54
4663,31,55
4664,32,56
4665,30,57
4666,30,58
4667,28,59
4668,27,60
4669,27,61
4670,24,62
4671,25,63
4672,23,64
4673,23,65
4674,23,66
4675,20,67
4676,21,68
4677,22,69
4678,19,70
4679,21,71
4680,26,72
4681,27,73
4682,24,74
4683,24,75
4684,21,76
4685,20,77
4686,19,78
4687,19,79
4688,17,80
4689,16,81
4690,14,82
4691,14,83
4692,14,84
4693,15,85
4694,14,86
4695,16,87
4696,15,88
4697,15,89
4698,18,90
4699,17,91
4700,17,92
4701,15,93
4702,15,94
4703,13,95
4704,13,0
4705,27,1
4706,28,2
4707,33,3
4708,30,4
4709,33,5
4710,36,6
4711,36,7
4712,36,8
4713,33,9
4714,38,10
4715,34,11
4716,37,12
4717,37,13
4718,39,14
4719,40,15
4720,37,16
4721,40,17
4722,39,18
4723,37,19
4724,41,20
4725,37,21
4726,39,22
4727,38,23
4728,35,24
4729,37,25
4730,39,26
4731,37,27
4732,40,28
4733,38,29
4734,39,30
4735,39,31
4736,41,32
4737,38,33
4738,38,34
4739,39,35
4740,39,36
4741,38,37
4742,39,38
4743,37,39
4744,38,40
4745,39,41
4746,38,42
4747,37,43
4748,42,44
4749,40,45
4750,39,46
4751,39,47
4752,40,48
4753,42,49
4754,39,50
4755,35,51
4756,37,52
4757,35,53
4758,34,54
4759,32,55
4760,33,56
4761,33,57
4762,30,58
4763,28,59
4764,27,60
4765,29,61
4766,25,62
4767,27,63
4768,24,64
4769,23,65
4770,26,66
4771,21,67
4772,23,68
4773,22,69
4774,22,70
4775,21,71
4776,27,72
4777,28,73
4778,26,74
4779,23,75
4780,23,76
4781,21,77
4782,22,78
4783,20,79
4784,20,80
4785,17,81
4786,15,82
4787,17,83
4788,15,84
4789,16,85
4790,17,86
4791,16,87
4792,17,88
4793,17,89
4794,19,90
4795,17,91
4796,17,92
4797,18,93
4798,18,94
4799,17,95
4800,14,0
4801,20,1
4802,22,2
4803,25,3
4804,26,4
4805,25,5
4806,29,6
4807,27,7
4808,29,8
4809,27,9
4810,29,10
4811,29,11
4812,27,12
4813,30,13
4814,31,14
4815,32,15
4816,29,16
4817,31,17
4818,31,18
4819,30,19
4820,31,20
4821,31,21
4822,29,22
4823,30,23
4824,29,24
4825,30,25
4826,30,26
4827,32,27
4828,30,28
4829,30,29
4830,31,30
4831,32,31
4832,32,32
4833,31,33
4834,31,34
4835,32,35
4836,31,36
4837,31,37
4838,31,38
4839,31,39
4840,31,40
4841,31,41
4842,30,42
4843,30,43
4844,33,44
4845,33,45
4846,33,46
4847,32,47
4848,31,48
4849,32,49
4850,33,50
4851,29,51
4852,29,52
4853,27,53
4854,28,54
4855,24,55
4856,24,56
4857,26,57
4858,23,58
4859,24,59
4860,22,60
4861,19,61
4862,18,62
4863,16,63
4864,18,64
4865,16,65
4866,16,66
4867,16,67
4868,13,68
4869,15,69
4870,12,70
4871,14,71
4872,18,72
4873,20,73
4874,19,74
4875,17,75
4876,15,76
4877,12,77
4878,13,78
4879,13,79
4880,12,80
4881,12,81
4882,10,82
4883,10,83
4884,7,84
4885,9,85
4886,10,86
4887,10,87
4888,8,88
4889,9,89
4890,10,90
4891,10,91
4892,9,92
4893,9,93
4894,10,94
4895,10,95
4896,7,0
4897,23,1
4898,23,2
4899,25,3
4900,26,4
4901,28,5
4902,28,6
4903,27,7
4904,28,8
4905,29,9
4906,29,10
4907,29,11
4908,31,12
4909,32,13
4910,31,14
4911,32,15
4912,32,16
4913,32,17
4914,33,18
4915,30,19
4916,33,20
4917,32,21
4918,34,22
4919,33,23
4920,32,24
4921,31,25
4922,33,26
4923,32,27
4924,32,28
4925,30,29
4926,31,30
4927,33,31
4928,33,32
4929,33,33
4930,32,34
4931,31,35
4932,32,36
4933,33,37
4934,31,38
4935,31,39
4936,31,40
4937,34,41
4938,34,42
4939,34,43
4940,34,44
4941,34,45
4942,32,46
4943,32,47
4944,35,48
4945,33,49
4946,30,50
4947,32,51
4948,31,52
4949,30,53
4950,28,54
4951,26,55
4952,27,56
4953,26,57
4954,25,58
4955,23,59
4956,24,60
4957,21,61
4958,20,62
4959,19,63
4960,18,64
4961,20,65
4962,19,66
4963,18,67
4964,15,68
4965,16,69
4966,14,70
4967,15,71
4968,21,72
4969,22,73
4970,18,74
4971,18,75
4972,17,76
4973,14,77
4974,14,78
4975,14,79
4976,15,80
4977,12,81
4978,10,82
4979,11,83
4980,11,84
4981,12,85
4982,11,86
4983,11,87
4984,9,88
4985,12,89
4986,12,90
4987,11,91
4988,11,92
4989,11,93
4990,9,94
4991,10,95
4992,9,0
4993,23,1
4994,25,2
4995,28,3
4996,28,4
4997,30,5
4998,30,6
4999,29,7
5000,30,8
5001,29,9
5002,31,10
5003,29,11
5004,32,12
5005,34,13
5006,33,14
5007,34,15
5008,33,16
5009,35,17
5010,34,18
5011,34,19
5012,34,20
5013,33,21
5014,32,22
5015,33,23
5016,31,24
5017,32,25
5018,33,26
5019,35,27
5020,33,28
5021,33,29
5022,35,30
5023,35,31
5024,35,32
5025,35,33
5026,35,34
5027,32,35
5028,34,36
5029,36,37
5030,34,38
5031,33,39
5032,33,40
5033,33,41
5034,34,42
5035,34,43
5036,36,44
5037,35,45
5038,35,46
5039,36,47
5040,37,48
5041,35,49
5042,33,50
5043,32,51
5044,32,52
5045,29,53
5046,30,54
5047,26,55
5048,29,56
5049,28,57
5050,25,58
5051,26,59
5052,25,60
5053,22,61
5054,23,62
5055,20,63
5056,21,64
5057,20,65
5058,21,66
5059,16,67
5060,17,68
5061,19,69
5062,15,70
5063,16,71
5064,23,72
5065,23,73
5066,20,74
5067,20,75
5068,18,76
5069,16,77
5070,18,78
5071,15,79
5072,15,80
5073,12,81
5074,14,82
5075,12,83
5076,12,84
5077,14,85
5078,12,86
5079,13,87
5080,13,88
5081,12,89
5082,11,90
5083,14,91
5084,14,92
5085,11,93
5086,13,94
5087,12,95
5088,9,0
5089,26,1
5090,26,2
5091,29,3
5092,29,4
5093,30,5
5094,30,6
5095,31,7
5096,34,8
5097,30,9
5098,33,10
5099,31,11
5100,33,12
5101,34,13
5102,34,14
5103,35,15
5104,34,16
5105,36,17
5106,37,18
5107,34,19
5108,37,20
5109,36,21
5110,35,22
5111,35,23
5112,34,24
5113,32,25
5114,34,26
5115,37,27
5116,35,28
5117,35,29
5118,35,30
5119,34,31
5120,35,32
5121,37,33
5122,36,34
5123,33,35
5124,35,36
5125,36,37
5126,37,38
5127,34,39
5128,34,40
5129,35,41
5130,36,42
5131,36,43
5132,39,44
5133,33,45
5134,34,46
5135,37,47
5136,37,48
5137,39,49
5138,35,50
5139,32,51
5140,34,52
5141,34,53
5142,32,54
5143,29,55
5144,30,56
5145,30,57
5146,28,58
5147,29,59
5148,26,60
5149,25,61
5150,23,62
5151,24,63
5152,22,64
5153,23,65
5154,22,66
5155,20,67
5156,19,68
5157,20,69
5158,17,70
5159,19,71
5160,25,72
5161,25,73
5162,23,74
5163,21,75
5164,17,76
5165,18,77
5166,19,78
5167,17,79
5168,17,80
5169,14,81
5170,15,82
5171,15,83
5172,13,84
5173,12,85
5174,12,86
5175,14,87
5176,14,88
5177,13,89
5178,16,90
5179,15,91
5180,16,92
5181,13,93
5182,14,94
5183,14,95
5184,13,0
5185,27,1
5186,27,2
5187,31,3
5188,30,4
5189,32,5
5190,34,6
5191,33,7
5192,34,8
5193,32,9
5194,36,10
5195,34,11
5196,34,12
5197,36,13
5198,37,14
5199,38,15
5200,35,16
5201,39,17
5202,37,18
5203,36,19
5204,38,20
5205,36,21
5206,38,22
5207,36,23
5208,35,24
5209,34,25
5210,37,26
5211,36,27
5212,37,28
5213,37,29
5214,38,30
5215,37,31
5216,38,32
5217,37,33
5218,36,34
5219,36,35
5220,36,36
5221,36,37
5222,38,38
5223,36,39
5224,37,40
5225,36,41
5226,36,42
5227,35,43
5228,41,44
5229,36,45
5230,37,46
5231,37,47
5232,39,48
5233,40,49
5234,37,50
5235,34,51
5236,35,52
5237,34,53
5238,33,54
5239,30,55
5240,30,56
5241,30,57
5242,30,58
5243,28,59
5244,26,60
5245,26,61
5246,24,62
5247,26,63
5248,25,64
5249,21,65
5250,24,66
5251,19,67
5252,21,68
5253,20,69
5254,19,70
5255,18,71
5256,26,72
5257,25,73
5258,22,74
5259,22,75
5260,22,76
5261,21,77
5262,20,78
5263,18,79
5264,19,80
5265,16,81
5266,13,82
5267,15,83
5268,13,84
5269,14,85
5270,16,86
5271,17,87
5272,15,88
5273,14,89
5274,16,90
5275,16,91
5276,15,92
5277,16,93
5278,17,94
5279,13,95
5280,12,0
5281,22,1
5282,24,2
5283,26,3
5284,28,4
5285,27,5
5286,28,6
5287,28,7
5288,30,8
5289,29,9
5290,30,10
5291,29,11
5292,29,12
5293,33,13
5294,33,14
5295,32,15
5296,31,16
5297,32,17
5298,31,18
5299,31,19
5300,34,20
5301,32,21
5302,32,22
5303,31,23
5304,30,24
5305,32,25
5306,32,26
5307,34,27
5308,32,28
5309,32,29
5310,35,30
5311,33,31
5312,34,32
5313,32,33
5314,31,34
5315,32,35
5316,31,36
5317,33,37
5318,34,38
5319,32,39
5320,33,40
5321,32,41
5322,34,42
5323,34,43
5324,34,44
5325,34,45
5326,35,46
5327,32,47
5328,35,48
5329,35,49
5330,33,50
5331,32,51
5332,32,52
5333,29,53
5334,31,54
5335,25,55
5336,26,56
5337,26,57
5338,26,58
5339,23,59
5340,22,60
5341,23,61
5342,20,62
5343,18,63
5344,21,64
5345,19,65
5346,18,66
5347,18,67
5348,15,68
5349,15,69
5350,14,70
5351,16,71
5352,21,72
5353,21,73
5354,19,74
5355,18,75
5356,17,76
5357,14,77
5358,15,78
5359,15,79
5360,13,80
5361,12,81
5362,11,82
5363,10,83
5364,9,84
5365,10,85
5366,12,86
5367,12,87
5368,8,88
5369,10,89
5370,10,90
5371,11,91
5372,11,92
5373,10,93
5374,10,94
5375,12,95
5376,11,0
5377,24,1
5378,24,2
5379,26,3
5380,27,4
5381,27,5
5382,31,6
5383,30,7
5384,32,8
5385,31,9
5386,30,10
5387,31,11
5388,33,12
5389,33,13
5390,33,14
5391,34,15
5392,35,16
5393,34,17
5394,34,18
5395,32,19
5396,34,20
5397,34,21
5398,35,22
5399,35,23
5400,33,24
5401,32,25
5402,35,26
5403,34,27
5404,32,28
5405,31,29
5406,33,30
5407,35,31
5408,35,32
5409,33,33
5410,35,34
5411,34,35
5412,32,36
5413,33,37
5414,33,38
5415,34,39
5416,34,40
5417,35,41
5418,34,42
5419,34,43
5420,35,44
5421,35,45
5422,34,46
5423,35,47
5424,36,48
5425,33,49
5426,32,50
5427,31,51
5428,33,52
5429,32,53
5430,29,54
5431,27,55
5432,29,56
5433,28,57
5434,27,58
5435,25,59
5436,26,60
5437,23,61
5438,22,62
5439,22,63
5440,20,64
5441,22,65
5442,19,66
5443,19,67
5444,17,68
5445,18,69
5446,17,70
5447,18,71
5448,22,72
5449,23,73
5450,20,74
5451,22,75
5452,18,76
5453,16,77
5454,16,78
5455,16,79
5456,15,80
5457,13,81
5458,13,82
5459,11,83
5460,12,84
5461,12,85
5462,12,86
5463,13,87
5464,11,88
5465,11,89
5466,12,90
5467,12,91
5468,13,92
5469,12,93
5470,12,94
5471,13,95
5472,12,0
5473,25,1
5474,27,2
5475,28,3
5476,30,4
5477,32,5
5478,32,6
5479,29,7
5480,32,8
5481,30,9
5482,32,10
5483,30,11
5484,32,12
5485,37,13
5486,34,14
5487,36,15
5488,35,16
5489,36,17
5490,35,18
5491,35,19
5492,36,20
5493,36,21
5494,36,22
5495,34,23
5496,32,24
5497,32,25
5498,34,26
5499,37,27
5500,35,28
5501,36,29
5502,36,30
5503,36,31
5504,37,32
5505,36,33
5506,35,34
5507,35,35
5508,36,36
5509,36,37
5510,34,38
5511,35,39
5512,36,40
5513,35,41
5514,35,42
5515,36,43
5516,39,44
5517,35,45
5518,37,46
5519,36,47
5520,36,48
5521,37,49
5522,36,50
5523,35,51
5524,33,52
5525,31,53
5526,31,54
5527,28,55
5528,31,56
5529,29,57
5530,26,58
5531,28,59
5532,25,60
5533,24,61
5534,22,62
5535,22,63
5536,24,64
5537,22,65
5538,21,66
5539,19,67
5540,17,68
5541,19,69
5542,16,70
5543,18,71
5544,24,72
5545,22,73
5546,21,74
5547,21,75
5548,22,76
5549,17,77
5550,18,78
5551,18,79
5552,17,80
5553,14,81
5554,16,82
5555,15,83
5556,12,84
5557,15,85
5558,15,86
5559,15,87
5560,14,88
5561,13,89
5562,13,90
5563,15,91
5564,16,92
5565,12,93
5566,13,94
5567,13,95
5568,10,0
5569,28,1
5570,28,2
5571,31,3
5572,31,4
5573,32,5
5574,32,6
5575,32,7
5576,34,8
5577,32,9
5578,36,10
5579,32,11
5580,34,12
5581,34,13
5582,36,14
5583,36,15
5584,37,16
5585,37,17
5586,38,18
5587,35,19
5588,37,20
5589,36,21
5590,37,22
5591,36,23
5592,35,24
5593,33,25
5594,38,26
5595,39,27
5596,38,28
5597,38,29
5598,37,30
5599,35,31
5600,35,32
5601,39,33
5602,36,34
5603,34,35
5604,36,36
5605,38,37
5606,37,38
5607,36,39
5608,37,40
5609,37,41
5610,37,42
5611,38,43
5612,40,44
5613,36,45
5614,37,46
5615,38,47
5616,39,48
5617,38,49
5618,38,50
5619,34,51
5620,36,52
5621,33,53
5622,33,54
5623,30,55
5624,32,56
5625,30,57
5626,29,58
5627,30,59
5628,27,60
5629,27,61
5630,24,62
5631,26,63
5632,24,64
5633,23,65
5634,25,66
5635,20,67
5636,19,68
5637,23,69
5638,17,70
5639,19,71
5640,26,72
5641,27,73
5642,24,74
5643,23,75
5644,21,76
5645,20,77
5646,20,78
5647,17,79
5648,20,80
5649,17,81
5650,16,82
5651,16,83
5652,16,84
5653,15,85
5654,12,86
5655,17,87
5656,15,88
5657,13,89
5658,17,90
5659,16,91
5660,18,92
5661,13,93
5662,15,94
5663,13,95
5664,14,0
5665,29,1
5666,28,2
5667,31,3
5668,30,4
5669,33,5
5670,34,6
5671,36,7
5672,35,8
5673,33,9
5674,37,10
5675,35,11
5676,37,12
5677,37,13
5678,37,14
5679,38,15
5680,37,16
5681,40,17
5682,39,18
5683,38,19
5684,38,20
5685,37,21
5686,37,22
5687,38,23
5688,36,24
5689,37,25
5690,40,26
5691,38,27
5692,39,28
5693,39,29
5694,39,30
5695,38,31
5696,38,32
5697,38,33
5698,38,34
5699,38,35
5700,37,36
5701,37,37
5702,39,38
5703,37,39
5704,40,40
5705,38,41
5706,40,42
5707,36,43
5708,42,44
5709,40,45
5710,38,46
5711,37,47
5712,40,48
5713,42,49
5714,38,50
5715,34,51
5716,37,52
5717,35,53
5718,35,54
5719,32,55
5720,33,56
5721,32,57
5722,31,58
5723,29,59
5724,28,60
5725,28,61
5726,24,62
5727,28,63
5728,26,64
5729,23,65
5730,26,66
5731,22,67
5732,23,68
5733,20,69
5734,20,70
5735,22,71
5736,29,72
5737,28,73
5738,25,74
5739,25,75
5740,22,76
5741,21,77
5742,21,78
5743,20,79
5744,19,80
5745,18,81
5746,15,82
5747,17,83
5748,16,84
5749,15,85
5750,17,86
5751,19,87
5752,18,88
5753,16,89
5754,18,90
5755,17,91
5756,17,92
5757,18,93
5758,16,94
5759,16,95
5760,14,0
5761,20,1
5762,20,2
5763,23,3
5764,24,4
5765,24,5
5766,25,6
5767,26,7
5768,26,8
5769,28,9
5770,26,10
5771,26,11
5772,27,12
5773,27,13
5774,28,14
5775,29,15
5776,28,16
5777,29,17
5778,29,18
5779,29,19
5780,31,20
5781,28,21
5782,30,22
5783,27,23
5784,29,24
5785,29,25
5786,30,26
5787,29,27
5788,29,28
5789,29,29
5790,29,30
5791,30,31
5792,31,32
5793,30,33
5794,30,34
5795,29,35
5796,29,36
5797,29,37
5798,31,38
5799,30,39
5800,30,40
5801,30,41
5802,30,42
5803,31,43
5804,31,44
5805,29,45
5806,31,46
5807,30,47
5808,30,48
5809,30,49
5810,30,50
5811,29,51
5812,26,52
5813,28,53
5814,26,54
5815,22,55
5816,24,56
5817,22,57
5818,21,58
5819,20,59
5820,20,60
5821,18,61
5822,16,62
5823,16,63
5824,17,64
5825,16,65
5826,15,66
5827,15,67
5828,14,68
5829,12,69
5830,11,70
5831,13,71
5832,18,72
5833,16,73
5834,16,74
5835,16,75
5836,15,76
5837,13,77
5838,12,78
5839,10,79
5840,9,80
5841,10,81
5842,9,82
5843,9,83
5844,8,84
5845,8,85
5846,8,86
5847,8,87
5848,7,88
5849,9,89
5850,7,90
5851,7,91
5852,7,92
5853,6,93
5854,7,94
5855,8,95
5856,9,0
5857,22,1
5858,22,2
5859,24,3
5860,23,4
5861,27,5
5862,29,6
5863,27,7
5864,27,8
5865,29,9
5866,28,10
5867,29,11
5868,30,12
5869,32,13
5870,31,14
5871,30,15
5872,31,16
5873,30,17
5874,30,18
5875,29,19
5876,31,20
5877,30,21
5878,29,22
5879,31,23
5880,31,24
5881,29,25
5882,30,26
5883,32,27
5884,31,28
5885,30,29
5886,30,30
5887,32,31
5888,31,32
5889,31,33
5890,32,34
5891,30,35
5892,32,36
5893,31,37
5894,29,38
5895,30,39
5896,31,40
5897,32,41
5898,31,42
5899,32,43
5900,33,44
5901,31,45
5902,32,46
5903,33,47
5904,33,48
5905,32,49
5906,31,50
5907,29,51
5908,29,52
5909,28,53
5910,27,54
5911,25,55
5912,24,56
5913,23,57
5914,24,58
5915,21,59
5916,21,60
5917,20,61
5918,19,62
5919,20,63
5920,18,64
5921,17,65
5922,16,66
5923,15,67
5924,16,68
5925,15,69
5926,13,70
5927,13,71
5928,22,72
5929,19,73
5930,18,74
5931,17,75
5932,16,76
5933,13,77
5934,13,78
5935,12,79
5936,12,80
5937,10,81
5938,10,82
5939,9,83
5940,8,84
5941,10,85
5942,10,86
5943,10,87
5944,8,88
5945,8,89
5946,9,90
5947,8,91
5948,10,92
5949,9,93
5950,9,94
5951,8,95
5952,7,0
5953,22,1
5954,22,2
5955,25,3
5956,26,4
5957,27,5
5958,28,6
5959,26,7
5960,28,8
5961,30,9
5962,30,10
5963,30,11
5964,32,12
5965,32,13
5966,33,14
5967,31,15
5968,31,16
5969,34,17
5970,31,18
5971,32,19
5972,33,20
5973,31,21
5974,32,22
5975,33,23
5976,30,24
5977,30,25
5978,32,26
5979,34,27
5980,33,28
5981,32,29
5982,32,30
5983,34,31
5984,34,32
5985,33,33
5986,33,34
5987,32,35
5988,32,36
5989,33,37
5990,33,38
5991,33,39
5992,32,40
5993,33,41
5994,31,42
5995,33,43
5996,34,44
5997,32,45
5998,34,46
5999,33,47
6000,35,48
6001,35,49
6002,33,50
6003,31,51
6004,30,52
6005,29,53
6006,28,54
6007,26,55
6008,28,56
6009,27,57
6010,25,58
6011,26,59
6012,23,60
6013,22,61
6014,20,62
6015,20,63
6016,18,64
6017,19,65
6018,18,66
6019,16,67
6020,16,68
6021,15,69
6022,16,70
6023,15,71
6024,20,72
6025,22,73
6026,19,74
6027,18,75
6028,15,76
6029,16,77
6030,15,78
6031,15,79
6032,14,80
6033,11,81
6034,10,82
6035,9,83
6036,9,84
6037,11,85
6038,11,86
6039,10,87
6040,11,88
6041,9,89
6042,11,90
6043,12,91
6044,12,92
6045,9,93
6046,11,94
6047,10,95
6048,8,0
6049,24,1
6050,25,2
6051,27,3
6052,27,4
6053,27,5
6054,31,6
6055,30,7
6056,31,8
6057,30,9
6058,32,10
6059,30,11
6060,33,12
6061,32,13
6062,32,14
6063,33,15
6064,33,16
6065,34,17
6066,34,18
6067,33,19
6068,34,20
6069,33,21
6070,33,22
6071,35,23
6072,31,24
6073,33,25
6074,34,26
6075,35,27
6076,35,28
6077,35,29
6078,35,30
6079,34,31
6080,34,32
6081,34,33
6082,35,34
6083,33,35
6084,33,36
6085,33,37
6086,34,38
6087,34,39
6088,35,40
6089,33,41
6090,35,42
6091,34,43
6092,36,44
6093,34,45
6094,35,46
6095,33,47
6096,37,48
6097,35,49
6098,34,50
6099,30,51
6100,33,52
6101,32,53
6102,30,54
6103,28,55
6104,28,56
6105,29,57
6106,27,58
6107,27,59
6108,24,60
6109,23,61
6110,22,62
6111,22,63
6112,21,64
6113,20,65
6114,20,66
6115,17,67
6116,19,68
6117,19,69
6118,17,70
6119,17,71
6120,24,72
6121,22,73
6122,19,74
6123,20,75
6124,19,76
6125,18,77
6126,17,78
6127,15,79
6128,16,80
6129,14,81
6130,12,82
6131,12,83
6132,13,84
6133,13,85
6134,12,86
6135,12,87
6136,12,88
6137,12,89
6138,14,90
6139,14,91
6140,13,92
6141,12,93
6142,15,94
6143,11,95
6144,10,0
6145,25,1
6146,26,2
6147,28,3
6148,29,4
6149,30,5
6150,30,6
6151,31,7
6152,31,8
6153,30,9
6154,34,10
6155,32,11
6156,34,12
6157,35,13
6158,35,14
6159,37,15
6160,34,16
6161,36,17
6162,38,18
6163,33,19
6164,36,20
6165,36,21
6166,35,22
6167,35,23
6168,32,24
6169,34,25
6170,36,26
6171,36,27
6172,36,28
6173,35,29
6174,36,30
6175,36,31
6176,37,32
6177,37,33
6178,36,34
6179,34,35
6180,34,36
6181,36,37
6182,36,38
6183,37,39
6184,37,40
6185,34,41
6186,37,42
6187,35,43
6188,38,44
6189,35,45
6190,34,46
6191,35,47
6192,37,48
6193,37,49
6194,34,50
6195,32,51
6196,35,52
6197,33,53
6198,34,54
6199,27,55
6200,31,56
6201,28,57
6202,28,58
6203,27,59
6204,25,60
6205,25,61
6206,23,62
6207,23,63
6208,23,64
6209,22,65
6210,20,66
6211,19,67
6212,20,68
6213,17,69
6214,18,70
6215,18,71
6216,23,72
6217,24,73
6218,23,74
6219,22,75
6220,20,76
6221,18,77
6222,18,78
6223,17,79
6224,17,80
6225,14,81
6226,13,82
6227,13,83
6228,13,84
6229,14,85
6230,13,86
6231,14,87
6232,14,88
6233,14,89
6234,14,90
6235,15,91
6236,15,92
6237,12,93
6238,16,94
6239,12,95
6240,11,0
6241,21,1
6242,22,2
6243,24,3
6244,26,4
6245,26,5
6246,27,6
6247,27,7
6248,28,8
6249,29,9
6250,28,10
6251,30,11
6252,29,12
6253,31,13
6254,29,14
6255,32,15
6256,29,16
6257,31,17
6258,32,18
6259,29,19
6260,31,20
6261,32,21
6262,28,22
6263,30,23
6264,32,24
6265,29,25
6266,30,26
6267,30,27
6268,32,28
6269,31,29
6270,31,30
6271,31,31
6272,31,32
6273,31,33
6274,31,34
6275,30,35
6276,31,36
6277,31,37
6278,31,38
6279,30,39
6280,32,40
6281,30,41
6282,31,42
6283,31,43
6284,33,44
6285,33,45
6286,33,46
6287,31,47
6288,34,48
6289,34,49
6290,30,50
6291,29,51
6292,28,52
6293,26,53
6294,29,54
6295,26,55
6296,24,56
6297,24,57
6298,23,58
6299,23,59
6300,21,60
6301,20,61
6302,18,62
6303,19,63
6304,18,64
6305,17,65
6306,16,66
6307,18,67
6308,15,68
6309,14,69
6310,15,70
6311,14,71
6312,18,72
6313,18,73
6314,18,74
6315,16,75
6316,15,76
6317,15,77
6318,14,78
6319,13,79
6320,12,80
6321,10,81
6322,9,82
6323,9,83
6324,9,84
6325,8,85
6326,10,86
6327,10,87
6328,10,88
6329,8,89
6330,10,90
6331,10,91
6332,7,92
6333,9,93
6334,11,94
6335,9,95
6336,10,0
6337,23,1
6338,25,2
6339,26,3
6340,26,4
6341,28,5
6342,30,6
6343,27,7
6344,29,8
6345,29,9
6346,30,10
6347,30,11
6348,31,12
6349,33,13
6350,32,14
6351,32,15
6352,32,16
6353,32,17
6354,31,18
6355,31,19
6356,32,20
6357,31,21
6358,32,22
6359,31,23
6360,32,24
6361,30,25
6362,31,26
6363,33,27
6364,33,28
6365,32,29
6366,32,30
6367,32,31
6368,31,32
6369,32,33
6370,35,34
6371,31,35
6372,32,36
6373,34,37
6374,33,38
6375,32,39
6376,32,40
6377,35,41
6378,33,42
6379,34,43
6380,34,44
6381,34,45
6382,35,46
6383,34,47
6384,33,48
6385,33,49
6386,32,50
6387,32,51
6388,30,52
6389,29,53
6390,27,54
6391,25,55
6392,25,56
6393,25,57
6394,27,58
6395,23,59
6396,23,60
6397,22,61
6398,20,62
6399,21,63
6400,19,64
6401,20,65
6402,18,66
6403,16,67
6404,16,68
6405,18,69
6406,14,70
6407,16,71
6408,23,72
6409,20,73
6410,18,74
6411,19,75
6412,17,76
6413,15,77
6414,15,78
6415,15,79
6416,13,80
6417,12,81
6418,10,82
6419,10,83
6420,11,84
6421,12,85
6422,12,86
6423,10,87
6424,9,88
6425,11,89
6426,12,90
6427,10,91
6428,12,92
6429,9,93
6430,10,94
6431,11,95
6432,10,0
6433,24,1
6434,24,2
6435,28,3
6436,29,4
6437,29,5
6438,31,6
6439,27,7
6440,29,8
6441,31,9
6442,30,10
6443,32,11
6444,33,12
6445,34,13
6446,34,14
6447,35,15
6448,33,16
6449,35,17
6450,33,18
6451,31,19
6452,34,20
6453,35,21
6454,33,22
6455,35,23
6456,31,24
6457,33,25
6458,33,26
6459,33,27
6460,33,28
6461,33,29
6462,34,30
6463,36,31
6464,34,32
6465,34,33
6466,34,34
6467,33,35
6468,34,36
6469,35,37
6470,35,38
6471,33,39
6472,34,40
6473,34,41
6474,33,42
6475,33,43
6476,38,44
6477,35,45
6478,36,46
6479,36,47
6480,35,48
6481,36,49
6482,34,50
6483,31,51
6484,31,52
6485,28,53
6486,31,54
6487,27,55
6488,27,56
6489,28,57
6490,27,58
6491,25,59
6492,26,60
6493,22,61
6494,22,62
6495,20,63
6496,20,64
6497,21,65
6498,18,66
6499,17,67
6500,15,68
6501,19,69
6502,16,70
6503,17,71
6504,24,72
6505,22,73
6506,22,74
6507,20,75
6508,18,76
6509,16,77
6510,18,78
6511,15,79
6512,15,80
6513,12,81
6514,13,82
6515,12,83
6516,12,84
6517,13,85
6518,13,86
6519,12,87
6520,13,88
6521,12,89
6522,12,90
6523,13,91
6524,11,92
6525,11,93
6526,13,94
6527,11,95
6528,11,0
6529,27,1
6530,25,2
6531,28,3
6532,30,4
6533,30,5
6534,31,6
6535,31,7
6536,31,8
6537,31,9
6538,33,10
6539,32,11
6540,33,12
6541,33,13
6542,35,14
6543,36,15
6544,33,16
6545,35,17
6546,37,18
6547,34,19
6548,36,20
6549,34,21
6550,35,22
6551,36,23
6552,33,24
6553,32,25
6554,33,26
6555,35,27
6556,34,28
6557,37,29
6558,34,30
6559,34,31
6560,36,32
6561,36,33
6562,36,34
6563,33,35
6564,37,36
6565,37,37
6566,37,38
6567,33,39
6568,35,40
6569,34,41
6570,37,42
6571,35,43
6572,38,44
6573,35,45
6574,37,46
6575,36,47
6576,38,48
6577,38,49
6578,35,50
6579,32,51
6580,32,52
6581,33,53
6582,33,54
6583,30,55
6584,31,56
6585,28,57
6586,28,58
6587,26,59
6588,25,60
6589,26,61
6590,22,62
6591,23,63
6592,22,64
6593,22,65
6594,22,66
6595,19,67
6596,20,68
6597,21,69
6598,18,70
6599,19,71
6600,25,72
6601,26,73
6602,22,74
6603,23,75
6604,19,76
6605,19,77
6606,17,78
6607,18,79
6608,16,80
6609,15,81
6610,13,82
6611,12,83
6612,12,84
6613,13,85
6614,12,86
6615,14,87
6616,13,88
6617,14,89
6618,16,90
6619,15,91
6620,15,92
6621,14,93
6622,13,94
6623,12,95
6624,12,0
6625,25,1
6626,27,2
6627,32,3
6628,28,4
6629,31,5
6630,34,6
6631,34,7
6632,35,8
6633,32,9
6634,36,10
6635,32,11
6636,36,12
6637,36,13
6638,37,14
6639,39,15
6640,36,16
6641,39,17
6642,38,18
6643,35,19
6644,40,20
6645,36,21
6646,37,22
6647,37,23
6648,34,24
6649,36,25
6650,37,26
6651,35,27
6652,38,28
6653,36,29
6654,37,30
6655,37,31
6656,39,32
6657,36,33
6658,37,34
6659,37,35
6660,38,36
6661,37,37
6662,38,38
6663,35,39
6664,36,40
6665,38,41
6666,37,42
6667,35,43
6668,40,44
6669,39,45
6670,37,46
6671,37,47
6672,38,48
6673,41,49
6674,37,50
6675,34,51
6676,35,52
6677,33,53
6678,33,54
6679,31,55
6680,32,56
6681,32,57
6682,28,58
6683,27,59
6684,26,60
6685,27,61
6686,23,62
6687,25,63
6688,23,64
6689,21,65
6690,25,66
6691,20,67
6692,22,68
6693,20,69
6694,21,70
6695,19,71
6696,26,72
6697,27,73
6698,25,74
6699,21,75
6700,21,76
6701,20,77
6702,20,78
6703,18,79
6704,19,80
6705,16,81
6706,13,82
6707,15,83
6708,14,84
6709,15,85
6710,15,86
6711,14,87
6712,16,88
6713,16,89
6714,17,90
6715,16,91
6716,16,92
6717,17,93
6718,16,94
6719,15,95
6720,12,0
6721,19,1
6722,21,2
6723,23,3
6724,25,4
6725,23,5
6726,27,6
6727,25,7
6728,28,8
6729,25,9
6730,28,10
6731,28,11
6732,25,12
6733,28,13
6734,30,14
6735,31,15
6736,28,16
6737,29,17
6738,29,18
6739,28,19
6740,29,20
6741,30,21
6742,28,22
6743,28,23
6744,27,24
6745,29,25
6746,28,26
6747,30,27
6748,29,28
6749,29,29
6750,30,30
6751,30,31
6752,31,32
6753,29,33
6754,30,34
6755,30,35
6756,29,36
6757,30,37
6758,29,38
6759,30,39
6760,29,40
6761,29,41
6762,29,42
6763,29,43
6764,31,44
6765,31,45
6766,32,46
6767,30,47
6768,30,48
6769,31,49
6770,32,50
6771,28,51
6772,27,52
6773,25,53
6774,26,54
6775,22,55
6776,22,56
6777,24,57
6778,21,58
6779,23,59
6780,21,60
6781,18,61
6782,17,62
6783,15,63
6784,17,64
6785,15,65
6786,15,66
6787,14,67
6788,11,68
6789,13,69
6790,10,70
6791,13,71
6792,17,72
6793,19,73
6794,18,74
6795,16,75
6796,13,76
6797,10,77
6798,12,78
6799,11,79
6800,10,80
6801,10,81
6802,9,82
6803,8,83
6804,6,84
6805,7,85
6806,9,86
6807,8,87
6808,6,88
6809,7,89
6810,9,90
6811,9,91
6812,8,92
6813,7,93
6814,8,94
6815,8,95
6816,6,0
6817,21,1
6818,21,2
6819,23,3
6820,25,4
6821,27,5
6822,27,6
6823,25,7
6824,27,8
6825,27,9
6826,28,10
6827,28,11
6828,30,12
6829,30,13
6830,30,14
6831,31,15
6832,30,16
6833,30,17
6834,32,18
6835,29,19
6836,31,20
6837,30,21
6838,33,22
6839,32,23
6840,31,24
6841,29,25
6842,32,26
6843,30,27
6844,30,28
6845,28,29
6846,29,30
6847,31,31
6848,31,32
6849,31,33
6850,31,34
6851,30,35
6852,30,36
6853,31,37
6854,30,38
6855,29,39
6856,29,40
6857,32,41
6858,33,42
6859,33,43
6860,32,44
6861,33,45
6862,30,46
6863,30,47
6864,33,48
6865,32,49
6866,29,50
6867,30,51
6868,29,52
6869,29,53
6870,27,54
6871,24,55
6872,26,56
6873,25,57
6874,24,58
6875,22,59
6876,22,60
6877,19,61
6878,19,62
6879,18,63
6880,17,64
6881,18,65
6882,17,66
6883,16,67
6884,14,68
6885,14,69
6886,13,70
6887,14,71
6888,19,72
6889,21,73
6890,16,74
6891,16,75
6892,15,76
6893,12,77
6894,13,78
6895,13,79
6896,14,80
6897,10,81
6898,8,82
6899,10,83
6900,10,84
6901,11,85
6902,10,86
6903,10,87
6904,8,88
6905,11,89
6906,10,90
6907,9,91
6908,10,92
6909,9,93
6910,7,94
6911,9,95
6912,8,0
6913,22,1
6914,24,2
6915,26,3
6916,27,4
6917,28,5
6918,29,6
6919,27,7
6920,29,8
6921,28,9
6922,30,10
6923,27,11
6924,30,12
6925,32,13
6926,31,14
6927,32,15
6928,31,16
6929,33,17
6930,32,18
6931,33,19
6932,33,20
6933,31,21
6934,30,22
6935,31,23
6936,29,24
6937,30,25
6938,32,26
6939,34,27
6940,31,28
6941,31,29
6942,34,30
6943,33,31
6944,33,32
6945,33,33
6946,34,34
6947,30,35
6948,33,36
6949,34,37
6950,33,38
6951,32,39
6952,31,40
6953,32,41
6954,33,42
6955,33,43
6956,34,44
6957,33,45
6958,34,46
6959,34,47
6960,36,48
6961,34,49
6962,31,50
6963,31,51
6964,30,52
6965,27,53
6966,28,54
6967,24,55
6968,28,56
6969,26,57
6970,23,58
6971,24,59
6972,24,60
6973,21,61
6974,22,62
6975,18,63
6976,19,64
6977,18,65
6978,19,66
6979,14,67
6980,15,68
6981,18,69
6982,14,70
6983,15,71
6984,22,72
6985,21,73
6986,18,74
6987,18,75
6988,16,76
6989,14,77
6990,17,78
6991,14,79
6992,14,80
6993,11,81
6994,13,82
6995,11,83
6996,10,84
6997,12,85
6998,11,86
6999,12,87
7000,12,88
7001,10,89
7002,9,90
7003,13,91
7004,12,92
7005,9,93
7006,12,94
7007,11,95
7008,8,0
7009,25,1
7010,25,2
7011,27,3
7012,27,4
7013,28,5
7014,28,6
7015,30,7
7016,32,8
7017,29,9
7018,31,10
7019,30,11
7020,31,12
7021,33,13
7022,32,14
7023,34,15
7024,33,16
7025,35,17
7026,35,18
7027,33,19
7028,36,20
7029,35,21
7030,33,22
7031,33,23
7032,32,24
7033,30,25
7034,33,26
7035,35,27
7036,33,28
7037,33,29
7038,34,30
7039,33,31
7040,33,32
7041,35,33
7042,34,34
7043,32,35
7044,34,36
7045,34,37
7046,36,38
7047,32,39
7048,33,40
7049,34,41
7050,34,42
7051,35,43
7052,37,44
7053,31,45
7054,33,46
7055,35,47
7056,36,48
7057,38,49
7058,33,50
7059,30,51
7060,32,52
7061,32,53
7062,30,54
7063,28,55
7064,29,56
7065,29,57
7066,27,58
7067,28,59
7068,25,60
7069,24,61
7070,21,62
7071,22,63
7072,21,64
7073,21,65
7074,21,66
7075,18,67
7076,17,68
7077,19,69
7078,16,70
7079,17,71
7080,23,72
7081,23,73
7082,21,74
7083,20,75
7084,16,76
7085,17,77
7086,17,78
7087,15,79
7088,16,80
7089,13,81
7090,13,82
7091,13,83
7092,11,84
7093,10,85
7094,10,86
7095,12,87
7096,12,88
7097,11,89
7098,14,90
7099,14,91
7100,15,92
7101,11,93
7102,12,94
7103,13,95
7104,12,0
7105,25,1
7106,26,2
7107,29,3
7108,28,4
7109,31,5
7110,32,6
7111,32,7
7112,33,8
7113,30,9
7114,34,10
7115,33,11
7116,32,12
7117,35,13
7118,36,14
7119,36,15
7120,34,16
7121,38,17
7122,35,18
7123,34,19
7124,36,20
7125,34,21
7126,37,22
7127,34,23
7128,34,24
7129,32,25
7130,35,26
7131,34,27
7132,35,28
7133,35,29
7134,36,30
7135,35,31
7136,37,32
7137,36,33
7138,34,34
7139,35,35
7140,34,36
7141,34,37
7142,37,38
7143,34,39
7144,36,40
7145,35,41
7146,35,42
7147,33,43
7148,39,44
7149,34,45
7150,35,46
7151,35,47
7152,37,48
7153,38,49
7154,35,50
7155,32,51
7156,34,52
7157,33,53
7158,31,54
7159,29,55
7160,28,56
7161,28,57
7162,29,58
7163,26,59
7164,24,60
7165,25,61
7166,22,62
7167,25,63
7168,23,64
7169,19,65
7170,23,66
7171,18,67
7172,19,68
7173,18,69
7174,18,70
7175,17,71
7176,24,72
7177,24,73
7178,21,74
7179,20,75
7180,21,76
7181,20,77
7182,18,78
7183,16,79
7184,17,80
7185,15,81
7186,11,82
7187,14,83
7188,12,84
7189,13,85
7190,14,86
7191,15,87
7192,13,88
7193,12,89
7194,15,90
7195,14,91
7196,13,92
7197,14,93
7198,16,94
7199,11,95
7200,11,0
7201,20,1
7202,23,2
7203,24,3
7204,27,4
7205,25,5
7206,27,6
7207,26,7
7208,28,8
7209,27,9
7210,29,10
7211,27,11
7212,28,12
7213,31,13
7214,32,14
7215,31,15
7216,29,16
7217,31,17
7218,30,18
7219,30,19
7220,33,20
7221,30,21
7222,30,22
7223,30,23
7224,28,24
7225,31,25
7226,31,26
7227,33,27
7228,30,28
7229,30,29
7230,33,30
7231,32,31
7232,32,32
7233,31,33
7234,30,34
7235,30,35
7236,29,36
7237,31,37
7238,33,38
7239,30,39
7240,31,40
7241,30,41
7242,32,42
7243,32,43
7244,33,44
7245,32,45
7246,33,46
7247,30,47
7248,34,48
7249,34,49
7250,32,50
7251,30,51
7252,30,52
7253,28,53
7254,30,54
7255,23,55
7256,25,56
7257,24,57
7258,25,58
7259,22,59
7260,21,60
7261,21,61
7262,19,62
7263,17,63
7264,20,64
7265,17,65
7266,17,66
7267,16,67
7268,13,68
7269,14,69
7270,12,70
7271,15,71
7272,20,72
7273,20,73
7274,17,74
7275,16,75
7276,16,76
7277,12,77
7278,14,78
7279,14,79
7280,12,80
7281,10,81
7282,9,82
7283,8,83
7284,7,84
7285,9,85
7286,11,86
7287,10,87
7288,6,88
7289,9,89
7290,8,90
7291,9,91
7292,10,92
7293,9,93
7294,8,94
7295,11,95
7296,9,0
7297,22,1
7298,22,2
7299,24,3
7300,26,4
7301,25,5
7302,29,6
7303,28,7
7304,31,8
7305,30,9
7306,28,10
7307,29,11
7308,32,12
7309,31,13
7310,31,14
7311,32,15
7312,34,16
7313,33,17
7314,32,18
7315,31,19
7316,32,20
7317,32,21
7318,34,22
7319,34,23
7320,32,24
7321,31,25
7322,33,26
7323,32,27
7324,31,28
7325,30,29
7326,32,30
7327,33,31
7328,33,32
7329,32,33
7330,33,34
7331,33,35
7332,31,36
7333,32,37
7334,32,38
7335,33,39
7336,33,40
7337,33,41
7338,32,42
7339,33,43
7340,33,44
7341,33,45
7342,33,46
7343,34,47
7344,34,48
7345,31,49
7346,30,50
7347,30,51
7348,31,52
7349,30,53
7350,27,54
7351,25,55
7352,28,56
7353,26,57
7354,25,58
7355,23,59
7356,25,60
7357,22,61
7358,20,62
7359,21,63
7360,19,64
7361,20,65
7362,17,66
7363,18,67
7364,15,68
7365,16,69
7366,16,70
7367,17,71
7368,21,72
7369,22,73
7370,18,74
7371,21,75
7372,16,76
7373,15,77
7374,15,78
7375,15,79
7376,14,80
7377,12,81
7378,11,82
7379,10,83
7380,10,84
7381,11,85
7382,11,86
7383,11,87
7384,10,88
7385,9,89
7386,11,90
7387,10,91
7388,11,92
7389,11,93
7390,11,94
7391,11,95
7392,11,0
7393,23,1
7394,25,2
7395,27,3
7396,29,4
7397,30,5
7398,31,6
7399,27,7
7400,31,8
7401,28,9
7402,31,10
7403,28,11
7404,31,12
7405,36,13
7406,33,14
7407,35,15
7408,33,16
7409,34,17
7410,34,18
7411,34,19
7412,35,20
7413,35,21
7414,34,22
7415,33,23
7416,31,24
7417,31,25
7418,32,26
7419,35,27
7420,33,28
7421,35,29
7422,35,30
7423,34,31
7424,36,32
7425,34,33
7426,34,34
7427,33,35
7428,35,36
7429,35,37
7430,32,38
7431,33,39
7432,34,40
7433,34,41
7434,34,42
7435,34,43
7436,37,44
7437,33,45
7438,36,46
7439,35,47
7440,34,48
7441,36,49
7442,34,50
7443,33,51
7444,31,52
7445,29,53
7446,30,54
7447,27,55
7448,29,56
7449,28,57
7450,24,58
7451,26,59
7452,24,60
7453,23,61
7454,21,62
7455,20,63
7456,22,64
7457,20,65
7458,20,66
7459,18,67
7460,16,68
7461,17,69
7462,14,70
7463,16,71
7464,23,72
7465,20,73
7466,20,74
7467,19,75
7468,21,76
7469,16,77
7470,16,78
7471,17,79
7472,15,80
7473,12,81
7474,14,82
7475,13,83
7476,10,84
7477,14,85
7478,14,86
7479,13,87
7480,12,88
7481,11,89
7482,12,90
7483,13,91
7484,15,92
7485,11,93
7486,12,94
7487,12,95
7488,8,0
7489,27,1
7490,27,2
7491,30,3
7492,29,4
7493,31,5
7494,30,6
7495,30,7
7496,33,8
7497,30,9
7498,35,10
7499,30,11
7500,33,12
7501,32,13
7502,34,14
7503,35,15
7504,35,16
7505,36,17
7506,36,18
7507,34,19
7508,35,20
7509,35,21
7510,36,22
7511,34,23
7512,33,24
7513,32,25
7514,36,26
7515,38,27
7516,36,28
7517,36,29
7518,35,30
7519,33,31
7520,34,32
7521,37,33
7522,35,34
7523,33,35
7524,34,36
7525,37,37
7526,35,38
7527,34,39
7528,35,40
7529,35,41
7530,36,42
7531,37,43
7532,38,44
7533,35,45
7534,35,46
7535,37,47
7536,37,48
7537,37,49
7538,36,50
7539,32,51
7540,34,52
7541,32,53
7542,32,54
7543,28,55
7544,31,56
7545,28,57
7546,28,58
7547,29,59
7548,25,60
7549,25,61
7550,22,62
7551,25,63
7552,22,64
7553,21,65
7554,24,66
7555,18,67
7556,17,68
7557,22,69
7558,15,70
7559,18,71
7560,25,72
7561,26,73
7562,22,74
7563,22,75
7564,20,76
7565,19,77
7566,19,78
7567,16,79
7568,19,80
7569,15,81
7570,15,82
7571,15,83
7572,14,84
7573,13,85
7574,11,86
7575,15,87
7576,13,88
7577,12,89
7578,15,90
7579,15,91
7580,16,92
7581,12,93
7582,13,94
7583,11,95
7584,12,0
7585,27,1
7586,26,2
7587,29,3
7588,28,4
7589,32,5
7590,32,6
7591,34,7
7592,34,8
7593,32,9
7594,36,10
7595,34,11
7596,36,12
7597,35,13
7598,36,14
7599,37,15
7600,36,16
7601,38,17
7602,38,18
7603,37,19
7604,37,20
7605,35,21
7606,35,22
7607,37,23
7608,34,24
7609,36,25
7610,39,26
7611,36,27
7612,37,28
7613,38,29
7614,38,30
7615,37,31
7616,36,32
7617,37,33
7618,37,34
7619,36,35
7620,36,36
7621,36,37
7622,37,38
7623,36,39
7624,39,40
7625,37,41
7626,39,42
7627,34,43
7628,41,44
7629,39,45
7630,36,46
7631,35,47
7632,38,48
7633,40,49
7634,36,50
7635,33,51
7636,36,52
7637,33,53
7638,34,54
7639,31,55
7640,32,56
7641,30,57
7642,29,58
7643,27,59
7644,26,60
7645,26,61
7646,22,62
7647,26,63
7648,25,64
7649,22,65
7650,24,66
7651,20,67
7652,21,68
7653,18,69
7654,18,70
7655,20,71
7656,28,72
7657,27,73
7658,23,74
7659,23,75
7660,20,76
7661,19,77
7662,19,78
7663,19,79
7664,18,80
7665,16,81
7666,14,82
7667,16,83
7668,14,84
7669,13,85
7670,16,86
7671,18,87
7672,17,88
7673,14,89
7674,16,90
7675,16,91
7676,16,92
7677,16,93
7678,14,94
7679,14,95
7680,13,0
